timestamp,open,high,low,close,volume
2025-12-17 13:16:00-05:00,0.8136,0.8136,0.8136,0.8136,500
2025-12-17 13:58:00-05:00,0.8136,0.8136,0.8136,0.8136,523
2025-12-17 14:26:00-05:00,0.81,0.81,0.81,0.81,1047
2025-12-17 14:27:00-05:00,0.81,0.8101,0.8,0.81,2774
2025-12-17 14:28:00-05:00,0.8118,0.8136,0.8118,0.8136,3058
2025-12-17 14:31:00-05:00,0.8136,0.8136,0.8136,0.8136,1500
2025-12-17 14:40:00-05:00,0.81,0.81,0.81,0.81,1008
2025-12-17 14:55:00-05:00,0.81,0.81,0.81,0.81,1123
2025-12-17 15:01:00-05:00,0.8,0.8,0.8,0.8,196
2025-12-17 15:04:00-05:00,0.782,0.782,0.782,0.782,2410
2025-12-17 15:05:00-05:00,0.7817,0.7817,0.7817,0.7817,202
2025-12-17 15:07:00-05:00,0.7814,0.7814,0.7814,0.7814,2031
2025-12-17 15:08:00-05:00,0.7703,0.7703,0.77,0.77,6059
2025-12-17 15:14:00-05:00,0.7704,0.7704,0.7704,0.7704,922
2025-12-17 15:15:00-05:00,0.7704,0.7704,0.7704,0.7704,100
2025-12-17 15:19:00-05:00,0.7704,0.7704,0.7704,0.7704,134
2025-12-17 15:26:00-05:00,0.7701,0.7701,0.77,0.7701,9644
2025-12-17 15:30:00-05:00,0.77,0.7701,0.77,0.7701,651
2025-12-17 15:33:00-05:00,0.7701,0.7701,0.7701,0.7701,1059
2025-12-17 15:36:00-05:00,0.77,0.7701,0.77,0.7701,200
2025-12-17 15:38:00-05:00,0.7701,0.7701,0.7701,0.7701,1140
2025-12-17 15:40:00-05:00,0.769,0.769,0.75,0.75,5714
2025-12-17 15:41:00-05:00,0.7501,0.7501,0.75,0.75,582
2025-12-17 15:42:00-05:00,0.7501,0.7501,0.7501,0.7501,1101
2025-12-17 15:48:00-05:00,0.75,0.75,0.75,0.75,1620
2025-12-17 15:49:00-05:00,0.7501,0.7502,0.75,0.7502,14800
2025-12-17 15:50:00-05:00,0.75,0.7502,0.75,0.7502,12706
2025-12-17 15:51:00-05:00,0.75,0.75,0.75,0.75,100
2025-12-17 15:52:00-05:00,0.7501,0.7501,0.7501,0.7501,1102
2025-12-17 15:56:00-05:00,0.7501,0.7501,0.75,0.75,302
2025-12-17 16:00:00-05:00,0.7501,0.7501,0.7501,0.7501,2387
2025-12-17 16:02:00-05:00,0.7499,0.7499,0.7499,0.7499,228
2025-12-17 16:17:00-05:00,0.7499,0.7499,0.7499,0.7499,35
2025-12-17 16:47:00-05:00,0.748,0.748,0.748,0.748,37
2025-12-17 17:21:00-05:00,0.8172,0.8172,0.8172,0.8172,1
2025-12-17 17:24:00-05:00,0.8172,0.8172,0.8172,0.8172,10
2025-12-17 17:39:00-05:00,0.8172,0.8172,0.8172,0.8172,185
2025-12-17 18:44:00-05:00,0.7891,0.7891,0.7891,0.7891,8
2025-12-17 18:51:00-05:00,0.7916,0.7916,0.7916,0.7916,10
2025-12-17 18:53:00-05:00,0.8001,0.8001,0.8001,0.8001,3
2025-12-17 19:24:00-05:00,0.7902,0.7902,0.7902,0.7902,12
2025-12-17 19:26:00-05:00,0.8172,0.8172,0.8172,0.8172,21
2025-12-17 19:28:00-05:00,0.8172,0.8172,0.8172,0.8172,15
2025-12-17 19:29:00-05:00,0.8172,0.8172,0.8172,0.8172,1
2025-12-17 19:35:00-05:00,0.7888,0.7888,0.7888,0.7888,14
2025-12-18 08:01:00-05:00,0.7501,0.7501,0.7501,0.7501,147
2025-12-18 08:35:00-05:00,0.78,0.78,0.78,0.78,300
2025-12-18 08:43:00-05:00,0.81,0.81,0.81,0.81,25
2025-12-18 08:51:00-05:00,0.81,0.81,0.81,0.81,178
2025-12-18 09:21:00-05:00,0.82,0.82,0.82,0.82,186
2025-12-18 09:31:00-05:00,0.748,0.8416,0.72,0.73,22695
2025-12-18 09:32:00-05:00,0.74,0.74,0.73,0.73,282
2025-12-18 09:36:00-05:00,0.735,0.735,0.73,0.73,850
2025-12-18 09:55:00-05:00,0.75,0.75,0.75,0.75,3536
2025-12-18 09:57:00-05:00,0.7686,0.7686,0.7686,0.7686,460
2025-12-18 09:58:00-05:00,0.7844,0.7844,0.7844,0.7844,489
2025-12-18 09:59:00-05:00,0.7844,0.7844,0.7844,0.7844,884
2025-12-18 10:00:00-05:00,0.7844,0.7844,0.7844,0.7844,200
2025-12-18 10:01:00-05:00,0.7843,0.7844,0.7607,0.7607,2462
2025-12-18 10:05:00-05:00,0.8,0.8,0.8,0.8,210
2025-12-18 10:08:00-05:00,0.82,0.82,0.819,0.82,1185
2025-12-18 10:12:00-05:00,0.82,0.82,0.82,0.82,269
2025-12-18 10:13:00-05:00,0.82,0.82,0.82,0.82,847
2025-12-18 10:16:00-05:00,0.85,0.85,0.84,0.85,855
2025-12-18 10:30:00-05:00,0.84,0.84,0.8127,0.8127,3253
2025-12-18 10:31:00-05:00,0.816,0.816,0.812,0.812,766
2025-12-18 10:43:00-05:00,0.8385,0.84,0.816,0.816,1692
2025-12-18 10:46:00-05:00,0.782,0.782,0.782,0.782,513
2025-12-18 10:52:00-05:00,0.8483,0.8483,0.8483,0.8483,301
2025-12-18 10:53:00-05:00,0.85,0.85,0.85,0.85,375
2025-12-18 10:54:00-05:00,0.85,0.85,0.85,0.85,852
2025-12-18 11:02:00-05:00,0.85,0.85,0.85,0.85,267
2025-12-18 11:15:00-05:00,0.8867,0.8867,0.8793,0.8867,2526
2025-12-18 11:16:00-05:00,0.8362,0.8543,0.8362,0.8543,323
2025-12-18 11:17:00-05:00,0.8348,0.8867,0.8348,0.8867,852
2025-12-18 11:20:00-05:00,0.8193,0.8349,0.8193,0.8349,767
2025-12-18 11:21:00-05:00,0.8362,0.8362,0.8362,0.8362,106
2025-12-18 11:23:00-05:00,0.8512,0.8512,0.8467,0.8467,3600
2025-12-18 11:35:00-05:00,0.8867,0.8893,0.87,0.8872,1526
2025-12-18 11:41:00-05:00,0.87,0.87,0.87,0.87,390
2025-12-18 11:46:00-05:00,0.847,0.8893,0.8357,0.8893,4292
2025-12-18 11:57:00-05:00,0.8355,0.8355,0.8355,0.8355,589
2025-12-18 11:58:00-05:00,0.8321,0.8321,0.8321,0.8321,273
2025-12-18 11:59:00-05:00,0.889,0.889,0.87,0.889,1071
2025-12-18 12:03:00-05:00,0.889,0.889,0.889,0.889,211
2025-12-18 12:06:00-05:00,0.889,0.8893,0.8507,0.8507,2217
2025-12-18 12:09:00-05:00,0.8507,0.8507,0.8507,0.8507,100
2025-12-18 12:20:00-05:00,0.889,0.889,0.889,0.889,301
2025-12-18 12:31:00-05:00,0.8892,0.8892,0.889,0.889,559
2025-12-18 12:36:00-05:00,0.814,0.814,0.814,0.814,536
2025-12-18 12:38:00-05:00,0.8515,0.8515,0.8515,0.8515,510
2025-12-18 12:42:00-05:00,0.8515,0.8515,0.8515,0.8515,264
2025-12-18 12:47:00-05:00,0.8158,0.832,0.8158,0.832,434
2025-12-18 12:52:00-05:00,0.8392,0.8505,0.8345,0.8345,660
2025-12-18 12:56:00-05:00,0.8713,0.8844,0.7959,0.7959,1265
2025-12-18 13:15:00-05:00,0.8792,0.8792,0.8792,0.8792,120
2025-12-18 13:24:00-05:00,0.889,0.889,0.8418,0.8418,265
2025-12-18 13:25:00-05:00,0.8487,0.8487,0.8487,0.8487,480
2025-12-18 13:26:00-05:00,0.8357,0.8357,0.8357,0.8357,210
2025-12-18 13:46:00-05:00,0.8517,0.8517,0.8517,0.8517,127
2025-12-18 13:51:00-05:00,0.8892,0.8892,0.8892,0.8892,100
2025-12-18 13:53:00-05:00,0.8892,0.8892,0.8892,0.8892,830
2025-12-18 13:56:00-05:00,0.8356,0.8356,0.8356,0.8356,1314
2025-12-18 14:06:00-05:00,0.8357,0.8357,0.8357,0.8357,226
2025-12-18 14:11:00-05:00,0.7885,0.8357,0.7885,0.8357,3549
2025-12-18 15:01:00-05:00,0.889,0.889,0.8429,0.88,1628
2025-12-18 15:10:00-05:00,0.8893,0.8893,0.8893,0.8893,646
2025-12-18 15:14:00-05:00,0.8426,0.8893,0.8426,0.8872,1893
2025-12-18 15:32:00-05:00,0.8981,0.8981,0.8981,0.8981,1799
2025-12-18 15:46:00-05:00,0.8688,0.8759,0.8688,0.8759,834
2025-12-18 15:49:00-05:00,0.9001,0.9001,0.9001,0.9001,300
2025-12-18 15:54:00-05:00,0.8988,0.8988,0.8988,0.8988,387
2025-12-18 15:58:00-05:00,0.888,0.9123,0.888,0.9007,2617
2025-12-18 16:05:00-05:00,0.8714,0.8714,0.8714,0.8714,1
2025-12-18 16:11:00-05:00,0.8714,0.8714,0.8714,0.8714,1
2025-12-18 16:23:00-05:00,0.8601,0.8601,0.8601,0.8601,5
2025-12-18 17:09:00-05:00,0.8799,0.8799,0.8799,0.8799,1
2025-12-18 17:27:00-05:00,0.8799,0.8799,0.8799,0.8799,200
2025-12-18 17:28:00-05:00,0.8778,0.8778,0.8778,0.8778,6
2025-12-18 19:17:00-05:00,0.8799,0.8799,0.8799,0.8799,1
2025-12-18 19:43:00-05:00,0.8792,0.8792,0.8792,0.8792,1
2025-12-18 19:50:00-05:00,0.8778,0.8778,0.8778,0.8778,1
2025-12-19 08:01:00-05:00,0.9007,0.9457,0.9007,0.9457,7874
2025-12-19 08:30:00-05:00,0.9006,0.9006,0.9006,0.9006,17
2025-12-19 08:33:00-05:00,0.88,0.88,0.88,0.88,118
2025-12-19 08:51:00-05:00,0.9007,0.9007,0.9007,0.9007,3
2025-12-19 09:31:00-05:00,0.945,0.945,0.945,0.945,13896
2025-12-19 09:34:00-05:00,0.9245,0.93,0.9245,0.93,320
2025-12-19 09:44:00-05:00,0.8616,0.8616,0.8616,0.8616,105
2025-12-19 09:45:00-05:00,0.8848,0.8848,0.8848,0.8848,252
2025-12-19 09:47:00-05:00,0.8601,0.8601,0.86,0.8601,5700
2025-12-19 09:48:00-05:00,0.86,0.8948,0.86,0.8601,7400
2025-12-19 10:20:00-05:00,0.87,0.8702,0.87,0.8702,2768
2025-12-19 10:24:00-05:00,0.8998,0.8998,0.8998,0.8998,776
2025-12-19 10:40:00-05:00,0.8916,0.8916,0.8916,0.8916,2935
2025-12-19 10:42:00-05:00,0.87,0.87,0.87,0.87,100
2025-12-19 10:44:00-05:00,0.8913,0.8913,0.8913,0.8913,500
2025-12-19 10:51:00-05:00,0.87,0.87,0.87,0.87,432
2025-12-19 11:13:00-05:00,0.8817,0.8817,0.8817,0.8817,1008
2025-12-19 11:52:00-05:00,0.8817,0.8817,0.8817,0.8817,494
2025-12-19 11:53:00-05:00,0.86,0.86,0.85,0.86,1720
2025-12-19 11:56:00-05:00,0.7419,0.755,0.7419,0.755,1135
2025-12-19 12:04:00-05:00,0.7805,0.8,0.7805,0.8,622
2025-12-19 12:08:00-05:00,0.8,0.8,0.8,0.8,114
2025-12-19 12:20:00-05:00,0.8,0.8,0.8,0.8,5579
2025-12-19 12:22:00-05:00,0.8155,0.8155,0.8155,0.8155,157
2025-12-19 12:35:00-05:00,0.8301,0.8301,0.7802,0.7802,4498
2025-12-19 13:47:00-05:00,0.7896,0.7896,0.7896,0.7896,401
2025-12-19 13:50:00-05:00,0.8019,0.8019,0.8019,0.8019,100
2025-12-19 14:13:00-05:00,0.85,0.85,0.85,0.85,229
2025-12-19 15:27:00-05:00,0.7803,0.7803,0.7803,0.7803,1038
2025-12-19 15:28:00-05:00,0.7611,0.7613,0.7601,0.7601,2155
2025-12-19 15:41:00-05:00,0.75,0.7501,0.75,0.75,2899
2025-12-19 15:42:00-05:00,0.75,0.75,0.75,0.75,1242
2025-12-19 15:43:00-05:00,0.7499,0.7499,0.74,0.74,1264
2025-12-19 15:49:00-05:00,0.75,0.75,0.75,0.75,101
2025-12-19 15:51:00-05:00,0.75,0.75,0.75,0.75,430
2025-12-19 15:53:00-05:00,0.75,0.75,0.75,0.75,600
2025-12-19 16:00:00-05:00,0.75,0.75,0.75,0.75,505
2025-12-19 16:05:00-05:00,0.75,0.75,0.75,0.75,1
2025-12-19 16:38:00-05:00,0.75,0.75,0.75,0.75,29
2025-12-19 17:22:00-05:00,0.75,0.75,0.75,0.75,10
2025-12-19 17:23:00-05:00,0.75,0.75,0.75,0.75,400
2025-12-19 17:24:00-05:00,0.75,0.75,0.75,0.75,700
2025-12-19 17:38:00-05:00,0.75,0.75,0.75,0.75,10
2025-12-19 18:26:00-05:00,0.7499,0.7499,0.7499,0.7499,1
2025-12-19 18:27:00-05:00,0.75,0.75,0.75,0.75,178
2025-12-19 18:55:00-05:00,0.75,0.75,0.75,0.75,100
2025-12-19 19:18:00-05:00,0.7301,0.7301,0.7301,0.7301,17
2025-12-19 19:43:00-05:00,0.7492,0.7492,0.7492,0.7492,1
2025-12-22 08:01:00-05:00,0.813,0.813,0.813,0.813,82
2025-12-22 09:29:00-05:00,0.93,0.93,0.93,0.93,63
2025-12-22 09:30:00-05:00,0.9298,0.9299,0.9298,0.9298,101
2025-12-22 09:31:00-05:00,0.93,0.93,0.93,0.93,7389
2025-12-22 09:33:00-05:00,0.848,0.848,0.848,0.848,637
2025-12-22 09:34:00-05:00,0.8475,0.8802,0.8475,0.8802,255
2025-12-22 09:35:00-05:00,0.9374,0.9374,0.9374,0.9374,631
2025-12-22 09:36:00-05:00,0.9373,0.9373,0.753,0.753,1173
2025-12-22 09:37:00-05:00,0.8821,0.9374,0.8452,0.9374,1784
2025-12-22 09:38:00-05:00,0.8549,0.93,0.7791,0.93,2334
2025-12-22 09:39:00-05:00,0.8,0.8,0.8,0.8,349
2025-12-22 09:40:00-05:00,0.9298,0.9298,0.9298,0.9298,951
2025-12-22 09:41:00-05:00,0.8623,0.8623,0.8623,0.8623,276
2025-12-22 09:42:00-05:00,0.8285,0.83,0.8285,0.8285,1412
2025-12-22 09:43:00-05:00,0.802,0.8591,0.8,0.8591,1935
2025-12-22 09:48:00-05:00,0.8511,0.8511,0.8511,0.8511,3563
2025-12-22 09:49:00-05:00,0.851,0.8845,0.851,0.8591,7600
2025-12-22 09:55:00-05:00,0.8333,0.8333,0.8333,0.8333,339
2025-12-22 09:59:00-05:00,0.7512,0.7512,0.7511,0.7511,577
2025-12-22 10:00:00-05:00,0.847,0.847,0.847,0.847,729
2025-12-22 10:02:00-05:00,0.7875,0.92,0.7875,0.837,6445
2025-12-22 10:04:00-05:00,0.837,0.837,0.837,0.837,1700
2025-12-22 10:12:00-05:00,0.7946,0.7946,0.7946,0.7946,2571
2025-12-22 10:14:00-05:00,0.7698,0.7698,0.7698,0.7698,7901
2025-12-22 10:17:00-05:00,0.7946,0.7946,0.7946,0.7946,1001
2025-12-22 10:19:00-05:00,0.8563,0.8563,0.8563,0.8563,899
2025-12-22 10:20:00-05:00,0.85,0.85,0.85,0.85,431
2025-12-22 10:21:00-05:00,0.8563,0.8563,0.8563,0.8563,815
2025-12-22 10:25:00-05:00,0.8126,0.8126,0.8126,0.8126,106
2025-12-22 10:50:00-05:00,0.7953,0.7953,0.7953,0.7953,1147
2025-12-22 11:14:00-05:00,0.795,0.795,0.795,0.795,1241
2025-12-22 11:46:00-05:00,0.7802,0.7901,0.7801,0.7801,2127
2025-12-22 13:54:00-05:00,0.827,0.827,0.78,0.78,1618
2025-12-22 13:58:00-05:00,0.7866,0.7866,0.7866,0.7866,1101
2025-12-22 14:36:00-05:00,0.802,0.8145,0.802,0.8145,6107
2025-12-22 14:38:00-05:00,0.8035,0.827,0.8035,0.827,2434
2025-12-22 14:50:00-05:00,0.8035,0.8035,0.7858,0.7858,635
2025-12-22 14:51:00-05:00,0.7801,0.7801,0.7801,0.7801,1017
2025-12-22 15:22:00-05:00,0.7801,0.7801,0.7801,0.7801,1525
2025-12-22 15:35:00-05:00,0.7801,0.7801,0.7801,0.7801,752
2025-12-22 15:41:00-05:00,0.78,0.78,0.78,0.78,462
2025-12-22 15:42:00-05:00,0.78,0.78,0.78,0.78,100
2025-12-22 16:00:00-05:00,0.817,0.817,0.817,0.817,409
2025-12-22 16:05:00-05:00,0.817,0.817,0.817,0.817,3
2025-12-22 16:36:00-05:00,0.8007,0.8007,0.8007,0.8007,12
2025-12-22 17:03:00-05:00,0.8007,0.8007,0.8007,0.8007,12
2025-12-22 17:20:00-05:00,0.7826,0.7826,0.7826,0.7826,166
2025-12-22 17:33:00-05:00,0.7801,0.7801,0.7801,0.7801,1
2025-12-22 19:37:00-05:00,0.8288,0.8288,0.8261,0.8261,2008
2025-12-22 19:38:00-05:00,0.8288,0.8288,0.8288,0.8288,2000
2025-12-22 19:39:00-05:00,0.8288,0.8288,0.828,0.8288,2592
2025-12-22 19:43:00-05:00,0.8288,0.8288,0.8288,0.8288,3
2025-12-23 08:34:00-05:00,0.8123,0.817,0.8123,0.817,4600
2025-12-23 08:38:00-05:00,0.81,0.81,0.81,0.81,221
2025-12-23 09:07:00-05:00,0.8262,0.8262,0.8262,0.8262,95
2025-12-23 09:33:00-05:00,0.832,0.833,0.7977,0.806,951
2025-12-23 10:01:00-05:00,0.809,0.809,0.809,0.809,743
2025-12-23 10:02:00-05:00,0.809,0.809,0.809,0.809,100
2025-12-23 10:06:00-05:00,0.8013,0.8013,0.8013,0.8013,167
2025-12-23 10:50:00-05:00,0.79,0.79,0.79,0.79,2998
2025-12-23 10:59:00-05:00,0.79,0.79,0.79,0.79,228
2025-12-23 12:05:00-05:00,0.7951,0.7951,0.7951,0.7951,279
2025-12-23 12:21:00-05:00,0.81,0.81,0.81,0.81,2235
2025-12-23 14:19:00-05:00,0.7901,0.7901,0.7901,0.7901,397
2025-12-23 14:30:00-05:00,0.8,0.8,0.8,0.8,360
2025-12-23 14:37:00-05:00,0.77,0.77,0.77,0.77,103
2025-12-23 15:03:00-05:00,0.8,0.8,0.7854,0.7854,10029
2025-12-23 15:04:00-05:00,0.8,0.8,0.785,0.8,13843
2025-12-23 16:00:00-05:00,0.79,0.79,0.79,0.79,1526
2025-12-23 16:23:00-05:00,0.77,0.77,0.77,0.77,1
2025-12-23 19:36:00-05:00,0.79,0.79,0.79,0.79,10
2025-12-23 20:00:00-05:00,0.7901,0.7901,0.7901,0.7901,10
2025-12-24 08:12:00-05:00,0.7901,0.7901,0.7901,0.7901,15
2025-12-24 09:31:00-05:00,0.79,0.79,0.79,0.79,362
2025-12-24 09:52:00-05:00,0.8,0.8,0.8,0.8,202
2025-12-24 09:57:00-05:00,0.8051,0.8163,0.8051,0.8163,1424
2025-12-24 09:58:00-05:00,0.82,0.82,0.82,0.82,565
2025-12-24 09:59:00-05:00,0.82,0.82,0.82,0.82,275
2025-12-24 11:24:00-05:00,0.79,0.79,0.7517,0.7517,2742
2025-12-24 11:30:00-05:00,0.752,0.752,0.752,0.752,2533
2025-12-24 11:34:00-05:00,0.752,0.752,0.752,0.752,500
2025-12-24 12:02:00-05:00,0.7704,0.7704,0.7704,0.7704,1113
2025-12-24 12:51:00-05:00,0.7668,0.7668,0.7668,0.7668,2608
2025-12-24 13:00:00-05:00,0.7567,0.7879,0.7521,0.7879,1978
2025-12-24 13:08:00-05:00,0.788,0.788,0.788,0.788,147
2025-12-24 13:09:00-05:00,0.819,0.819,0.819,0.819,3
2025-12-24 13:10:00-05:00,0.82,0.82,0.82,0.82,597
2025-12-24 13:11:00-05:00,0.8123,0.8123,0.8123,0.8123,1
2025-12-24 13:21:00-05:00,0.73,0.73,0.73,0.73,1
2025-12-24 13:22:00-05:00,0.7392,0.74,0.7392,0.74,709
2025-12-24 13:24:00-05:00,0.7401,0.7401,0.7401,0.7401,1
2025-12-24 13:28:00-05:00,0.7401,0.7401,0.7401,0.7401,222
2025-12-24 15:56:00-05:00,0.755,0.755,0.755,0.755,22
2025-12-26 08:01:00-05:00,0.7551,0.7551,0.7551,0.7551,44
2025-12-26 09:31:00-05:00,0.8,0.8,0.8,0.8,1233
2025-12-26 09:59:00-05:00,0.7726,0.7726,0.7726,0.7726,2105
2025-12-26 10:28:00-05:00,0.7552,0.7552,0.7552,0.7552,559
2025-12-26 10:44:00-05:00,0.7639,0.7639,0.7639,0.7639,2189
2025-12-26 11:03:00-05:00,0.7553,0.7553,0.7553,0.7553,200
2025-12-26 11:04:00-05:00,0.7546,0.7546,0.7546,0.7546,531
2025-12-26 11:59:00-05:00,0.7401,0.7401,0.7401,0.7401,5737
2025-12-26 12:12:00-05:00,0.7395,0.7395,0.7395,0.7395,301
2025-12-26 12:32:00-05:00,0.7401,0.7401,0.7401,0.7401,244
2025-12-26 12:39:00-05:00,0.74,0.74,0.74,0.74,405
2025-12-26 12:42:00-05:00,0.7204,0.7204,0.7204,0.7204,600
2025-12-26 12:50:00-05:00,0.7205,0.7205,0.7205,0.7205,306
2025-12-26 13:08:00-05:00,0.725,0.725,0.725,0.725,248
2025-12-26 13:09:00-05:00,0.725,0.7295,0.725,0.7295,200
2025-12-26 13:13:00-05:00,0.7367,0.7367,0.7367,0.7367,1100
2025-12-26 13:16:00-05:00,0.7367,0.7367,0.7367,0.7367,800
2025-12-26 13:17:00-05:00,0.7251,0.7251,0.7251,0.7251,156
2025-12-26 13:19:00-05:00,0.7367,0.7367,0.7367,0.7367,1562
2025-12-26 13:37:00-05:00,0.73,0.73,0.73,0.73,787
2025-12-26 15:02:00-05:00,0.7205,0.7205,0.7205,0.7205,401
2025-12-26 15:20:00-05:00,0.7205,0.7205,0.7205,0.7205,309
2025-12-26 15:38:00-05:00,0.7205,0.7205,0.7205,0.7205,1318
2025-12-26 15:41:00-05:00,0.7073,0.7073,0.705,0.7056,13402
2025-12-26 15:49:00-05:00,0.7202,0.7293,0.7175,0.7287,4381
2025-12-26 15:50:00-05:00,0.7165,0.7165,0.7165,0.7165,1567
2025-12-26 16:11:00-05:00,0.728,0.728,0.728,0.728,1
2025-12-26 16:57:00-05:00,0.705,0.705,0.705,0.705,100
2025-12-26 17:39:00-05:00,0.705,0.705,0.705,0.705,5
2025-12-26 17:41:00-05:00,0.7051,0.7051,0.7051,0.7051,176
2025-12-26 17:52:00-05:00,0.7298,0.7298,0.7298,0.7298,2
2025-12-26 18:13:00-05:00,0.7258,0.7258,0.7258,0.7258,100
2025-12-26 18:24:00-05:00,0.7258,0.7258,0.7258,0.7258,1
2025-12-29 08:01:00-05:00,0.7164,0.7165,0.7164,0.7165,302
2025-12-29 08:08:00-05:00,0.7165,0.7165,0.7165,0.7165,1
2025-12-29 08:14:00-05:00,0.7165,0.7165,0.7165,0.7165,301
2025-12-29 08:16:00-05:00,0.7165,0.7165,0.7165,0.7165,1
2025-12-29 08:17:00-05:00,0.7165,0.7165,0.7165,0.7165,100
2025-12-29 08:28:00-05:00,0.7165,0.7165,0.7165,0.7165,101
2025-12-29 08:29:00-05:00,0.7165,0.7165,0.7165,0.7165,100
2025-12-29 08:34:00-05:00,0.7165,0.7165,0.7165,0.7165,1
2025-12-29 08:46:00-05:00,0.7164,0.7164,0.7164,0.7164,100
2025-12-29 08:53:00-05:00,0.7163,0.7163,0.7163,0.7163,2
2025-12-29 08:54:00-05:00,0.7163,0.7163,0.7163,0.7163,200
2025-12-29 09:31:00-05:00,0.7351,0.7351,0.6817,0.6817,236
2025-12-29 09:32:00-05:00,0.69,0.69,0.69,0.69,6637
2025-12-29 09:35:00-05:00,0.6864,0.6864,0.6864,0.6864,939
2025-12-29 09:49:00-05:00,0.6578,0.6578,0.6578,0.6578,1842
2025-12-29 09:50:00-05:00,0.6564,0.6564,0.6564,0.6564,544
2025-12-29 09:52:00-05:00,0.6557,0.6557,0.6557,0.6557,522
2025-12-29 09:53:00-05:00,0.6564,0.6564,0.6564,0.6564,399
2025-12-29 09:55:00-05:00,0.6563,0.6809,0.6563,0.6809,17256
2025-12-29 10:02:00-05:00,0.657,0.657,0.657,0.657,2682
2025-12-29 10:11:00-05:00,0.671,0.671,0.671,0.671,100
2025-12-29 10:21:00-05:00,0.6836,0.6836,0.6836,0.6836,316
2025-12-29 10:31:00-05:00,0.6836,0.6836,0.6836,0.6836,714
2025-12-29 11:03:00-05:00,0.6729,0.6729,0.6729,0.6729,258
2025-12-29 11:04:00-05:00,0.671,0.671,0.671,0.671,2287
2025-12-29 11:08:00-05:00,0.678,0.678,0.678,0.678,100
2025-12-29 11:10:00-05:00,0.683,0.683,0.6711,0.683,1004
2025-12-29 11:28:00-05:00,0.678,0.678,0.678,0.678,5674
2025-12-29 11:42:00-05:00,0.6831,0.6831,0.6831,0.6831,1826
2025-12-29 12:16:00-05:00,0.683,0.6831,0.6811,0.6812,4315
2025-12-29 12:21:00-05:00,0.6811,0.6811,0.6811,0.6811,101
2025-12-29 12:27:00-05:00,0.685,0.685,0.685,0.685,102
2025-12-29 12:49:00-05:00,0.6815,0.6815,0.6815,0.6815,608
2025-12-29 12:52:00-05:00,0.6831,0.6831,0.6831,0.6831,1314
2025-12-29 12:57:00-05:00,0.6831,0.6831,0.6831,0.6831,402
2025-12-29 13:19:00-05:00,0.685,0.685,0.685,0.685,286
2025-12-29 13:30:00-05:00,0.685,0.685,0.685,0.685,200
2025-12-29 13:42:00-05:00,0.6812,0.6812,0.6812,0.6812,400
2025-12-29 14:19:00-05:00,0.6814,0.6814,0.6814,0.6814,1810
2025-12-29 14:25:00-05:00,0.683,0.683,0.683,0.683,200
2025-12-29 14:32:00-05:00,0.6831,0.684,0.6831,0.684,1110
2025-12-29 14:35:00-05:00,0.6831,0.6831,0.6831,0.6831,554
2025-12-29 15:40:00-05:00,0.6812,0.6812,0.6812,0.6812,307
2025-12-29 15:46:00-05:00,0.6812,0.6812,0.6811,0.6811,10192
2025-12-29 15:47:00-05:00,0.6831,0.6831,0.6831,0.6831,200
2025-12-29 15:50:00-05:00,0.6831,0.6831,0.6831,0.6831,419
2025-12-29 15:56:00-05:00,0.6831,0.6831,0.6831,0.6831,5246
2025-12-29 16:00:00-05:00,0.704,0.704,0.704,0.704,1859
2025-12-29 16:05:00-05:00,0.704,0.704,0.704,0.704,1
2025-12-29 16:29:00-05:00,0.685,0.685,0.685,0.685,1300
2025-12-29 17:52:00-05:00,0.6857,0.6857,0.6857,0.6857,500
2025-12-29 17:57:00-05:00,0.6857,0.6857,0.6857,0.6857,300
2025-12-29 18:20:00-05:00,0.6857,0.6857,0.6857,0.6857,3
2025-12-29 18:21:00-05:00,0.6857,0.6857,0.6857,0.6857,5
2025-12-29 19:08:00-05:00,0.6856,0.6856,0.6856,0.6856,2
2025-12-29 19:20:00-05:00,0.678,0.678,0.678,0.678,500
2025-12-29 19:36:00-05:00,0.66,0.66,0.66,0.66,100
2025-12-30 09:00:00-05:00,0.6571,0.6571,0.6571,0.6571,10
2025-12-30 09:31:00-05:00,0.6829,0.6829,0.6829,0.6829,764
2025-12-30 09:36:00-05:00,0.739,0.7631,0.709,0.7631,14156
2025-12-30 09:37:00-05:00,0.763,0.763,0.7001,0.7473,6436
2025-12-30 09:43:00-05:00,0.7001,0.7001,0.7001,0.7001,536
2025-12-30 09:59:00-05:00,0.7201,0.7201,0.7201,0.7201,129
2025-12-30 10:14:00-05:00,0.7243,0.7243,0.7243,0.7243,3874
2025-12-30 10:17:00-05:00,0.7002,0.7002,0.7002,0.7002,1000
2025-12-30 10:35:00-05:00,0.7002,0.7002,0.7002,0.7002,406
2025-12-30 11:28:00-05:00,0.7001,0.7001,0.7001,0.7001,1165
2025-12-30 11:50:00-05:00,0.7001,0.7001,0.7001,0.7001,6077
2025-12-30 12:03:00-05:00,0.7001,0.7001,0.7001,0.7001,1427
2025-12-30 12:09:00-05:00,0.7002,0.7002,0.7002,0.7002,479
2025-12-30 12:24:00-05:00,0.7001,0.7001,0.7,0.7,15585
2025-12-30 13:07:00-05:00,0.7,0.7,0.7,0.7,1090
2025-12-30 15:00:00-05:00,0.7,0.7,0.7,0.7,101
2025-12-30 15:06:00-05:00,0.684,0.684,0.683,0.683,9088
2025-12-30 15:09:00-05:00,0.68,0.68,0.68,0.68,2420
2025-12-30 15:13:00-05:00,0.68,0.68,0.68,0.68,120
2025-12-30 15:23:00-05:00,0.6801,0.6801,0.6801,0.6801,200
2025-12-30 15:30:00-05:00,0.685,0.7,0.685,0.7,2435
2025-12-30 15:51:00-05:00,0.7,0.7,0.7,0.7,572
2025-12-30 16:00:00-05:00,0.719,0.72,0.719,0.72,1410
2025-12-30 16:01:00-05:00,0.701,0.701,0.701,0.701,200
2025-12-30 16:02:00-05:00,0.7056,0.7056,0.7056,0.7056,185
2025-12-30 16:11:00-05:00,0.72,0.72,0.72,0.72,1
2025-12-30 19:34:00-05:00,0.68,0.68,0.68,0.68,10
2025-12-30 19:48:00-05:00,0.6801,0.6801,0.6801,0.6801,2
2025-12-31 08:01:00-05:00,0.72,0.72,0.72,0.72,155
2025-12-31 09:31:00-05:00,0.72,0.73,0.72,0.73,798
2025-12-31 09:49:00-05:00,0.72,0.72,0.72,0.72,138
2025-12-31 10:04:00-05:00,0.6984,0.6984,0.6984,0.6984,1890
2025-12-31 10:12:00-05:00,0.7101,0.7101,0.7101,0.7101,1423
2025-12-31 10:20:00-05:00,0.7101,0.7101,0.6801,0.6801,500
2025-12-31 11:03:00-05:00,0.7101,0.7101,0.7101,0.7101,111
2025-12-31 11:28:00-05:00,0.6987,0.6987,0.6987,0.6987,160
2025-12-31 11:59:00-05:00,0.6951,0.6951,0.6951,0.6951,102
2025-12-31 12:04:00-05:00,0.713,0.713,0.713,0.713,100
2025-12-31 13:38:00-05:00,0.71,0.71,0.71,0.71,478
2025-12-31 15:02:00-05:00,0.7151,0.7151,0.7151,0.7151,1687
2025-12-31 15:44:00-05:00,0.6952,0.6952,0.6952,0.6952,621
2025-12-31 16:00:00-05:00,0.7075,0.7075,0.7075,0.7075,1092
2025-12-31 16:01:00-05:00,0.7151,0.7151,0.7151,0.7151,100
2025-12-31 16:11:00-05:00,0.7075,0.7075,0.7075,0.7075,1
2026-01-02 10:37:00-05:00,0.75,0.75,0.75,0.75,380
2026-01-02 11:04:00-05:00,0.7492,0.7492,0.7492,0.7492,220
2026-01-02 11:05:00-05:00,0.7492,0.7492,0.7492,0.7492,300
2026-01-02 11:45:00-05:00,0.7213,0.7222,0.72,0.722,6234
2026-01-02 13:01:00-05:00,0.7221,0.7221,0.7221,0.7221,1127
2026-01-02 13:11:00-05:00,0.7444,0.7444,0.7444,0.7444,700
2026-01-02 13:14:00-05:00,0.7443,0.7443,0.7443,0.7443,100
2026-01-02 13:23:00-05:00,0.7067,0.7067,0.7067,0.7067,100
2026-01-02 13:40:00-05:00,0.71,0.71,0.71,0.71,897
2026-01-02 13:55:00-05:00,0.7443,0.7443,0.7443,0.7443,601
2026-01-02 14:34:00-05:00,0.6691,0.6691,0.669,0.669,263
2026-01-02 15:13:00-05:00,0.7077,0.7077,0.7077,0.7077,300
2026-01-02 15:37:00-05:00,0.7077,0.7077,0.7077,0.7077,309
2026-01-02 15:51:00-05:00,0.7272,0.7272,0.7272,0.7272,123
2026-01-02 16:00:00-05:00,0.7272,0.741,0.7137,0.741,1077
2026-01-02 18:32:00-05:00,0.7491,0.7491,0.7491,0.7491,4
2026-01-05 09:36:00-05:00,0.6985,0.724,0.6985,0.724,1805
2026-01-05 09:37:00-05:00,0.7003,0.7003,0.7003,0.7003,502
2026-01-05 10:13:00-05:00,0.7811,0.7811,0.7811,0.7811,201
2026-01-05 11:01:00-05:00,0.7333,0.7333,0.7128,0.7128,2059
2026-01-05 11:14:00-05:00,0.7172,0.7172,0.7172,0.7172,142
2026-01-05 11:46:00-05:00,0.7172,0.7172,0.7172,0.7172,352
2026-01-05 11:47:00-05:00,0.7247,0.7247,0.7247,0.7247,1100
2026-01-05 11:58:00-05:00,0.7235,0.7235,0.7235,0.7235,1025
2026-01-05 12:44:00-05:00,0.7584,0.7584,0.7584,0.7584,2634
2026-01-05 13:34:00-05:00,0.7612,0.7612,0.7612,0.7612,1351
2026-01-05 13:35:00-05:00,0.7392,0.7392,0.7392,0.7392,100
2026-01-05 13:45:00-05:00,0.7843,0.7843,0.7843,0.7843,1108
2026-01-05 14:41:00-05:00,0.7843,0.7843,0.7843,0.7843,512
2026-01-05 14:56:00-05:00,0.7843,0.7843,0.7843,0.7843,100
2026-01-05 15:13:00-05:00,0.7811,0.7811,0.7811,0.7811,114
2026-01-05 15:20:00-05:00,0.7811,0.7811,0.7811,0.7811,100
2026-01-05 15:36:00-05:00,0.7811,0.7811,0.7811,0.7811,100
2026-01-05 15:45:00-05:00,0.7811,0.7811,0.7811,0.7811,103
2026-01-05 15:52:00-05:00,0.7811,0.7811,0.7811,0.7811,201
2026-01-05 16:00:00-05:00,0.781,0.781,0.759,0.759,1185
2026-01-05 16:05:00-05:00,0.759,0.759,0.759,0.759,1
2026-01-05 17:51:00-05:00,0.7788,0.7788,0.7788,0.7788,1
2026-01-05 19:15:00-05:00,0.7787,0.7787,0.7787,0.7787,200
2026-01-05 19:16:00-05:00,0.7787,0.7787,0.7787,0.7787,50
2026-01-06 07:03:00-05:00,0.799,0.799,0.799,0.799,1
2026-01-06 08:01:00-05:00,0.779,0.8727,0.779,0.8727,60
2026-01-06 09:28:00-05:00,0.85,0.85,0.85,0.85,202
2026-01-06 09:31:00-05:00,0.7999,0.7999,0.7999,0.7999,200
2026-01-06 09:32:00-05:00,0.808,0.808,0.76,0.7742,4521
2026-01-06 10:08:00-05:00,0.7604,0.7604,0.7604,0.7604,521
2026-01-06 10:11:00-05:00,0.7732,0.7732,0.7732,0.7732,201
2026-01-06 10:28:00-05:00,0.805,0.805,0.805,0.805,100
2026-01-06 10:52:00-05:00,0.81,0.81,0.81,0.81,12161
2026-01-06 11:19:00-05:00,0.81,0.81,0.81,0.81,371
2026-01-06 12:01:00-05:00,0.78,0.78,0.78,0.78,222
2026-01-06 12:09:00-05:00,0.78,0.78,0.78,0.78,2254
2026-01-06 12:11:00-05:00,0.7623,0.7623,0.7623,0.7623,615
2026-01-06 12:18:00-05:00,0.7601,0.7601,0.7601,0.7601,300
2026-01-06 12:31:00-05:00,0.7601,0.7601,0.7601,0.7601,600
2026-01-06 12:32:00-05:00,0.7605,0.7605,0.76,0.76,3300
2026-01-06 12:33:00-05:00,0.76,0.76,0.742,0.742,1748
2026-01-06 12:49:00-05:00,0.7601,0.7601,0.7601,0.7601,146
2026-01-06 12:57:00-05:00,0.7601,0.7601,0.7601,0.7601,130
2026-01-06 13:44:00-05:00,0.76,0.76,0.76,0.76,415
2026-01-06 13:54:00-05:00,0.76,0.76,0.76,0.76,970
2026-01-06 13:56:00-05:00,0.757,0.76,0.757,0.76,396
2026-01-06 14:07:00-05:00,0.7599,0.7599,0.7599,0.7599,200
2026-01-06 14:08:00-05:00,0.7599,0.7599,0.7599,0.7599,100
2026-01-06 14:20:00-05:00,0.7599,0.7601,0.7599,0.7601,4034
2026-01-06 14:29:00-05:00,0.791,0.791,0.791,0.791,328
2026-01-06 14:38:00-05:00,0.791,0.791,0.791,0.791,134
2026-01-06 14:53:00-05:00,0.791,0.791,0.791,0.791,200
2026-01-06 14:59:00-05:00,0.791,0.791,0.791,0.791,100
2026-01-06 15:04:00-05:00,0.7755,0.7755,0.7755,0.7755,100
2026-01-06 15:05:00-05:00,0.791,0.791,0.791,0.791,100
2026-01-06 15:11:00-05:00,0.791,0.791,0.791,0.791,115
2026-01-06 15:16:00-05:00,0.791,0.791,0.791,0.791,100
2026-01-06 15:21:00-05:00,0.7755,0.7755,0.7755,0.7755,100
2026-01-06 15:24:00-05:00,0.791,0.791,0.7755,0.7755,260
2026-01-06 15:28:00-05:00,0.791,0.791,0.791,0.791,150
2026-01-06 15:33:00-05:00,0.7755,0.791,0.7755,0.791,200
2026-01-06 15:37:00-05:00,0.791,0.791,0.791,0.791,100
2026-01-06 15:41:00-05:00,0.791,0.791,0.791,0.791,100
2026-01-06 15:45:00-05:00,0.791,0.791,0.791,0.791,100
2026-01-06 15:51:00-05:00,0.7755,0.7755,0.7599,0.7599,1351
2026-01-06 16:00:00-05:00,0.7756,0.791,0.7756,0.7877,1647
2026-01-07 08:06:00-05:00,0.7877,0.7877,0.7877,0.7877,174
2026-01-07 09:31:00-05:00,0.791,0.8066,0.791,0.8066,11243
2026-01-07 09:32:00-05:00,0.7969,0.8395,0.7911,0.8395,8100
2026-01-07 09:39:00-05:00,0.8394,0.8394,0.8394,0.8394,1920
2026-01-07 09:44:00-05:00,0.8192,0.8192,0.8192,0.8192,420
2026-01-07 09:45:00-05:00,0.8,0.8,0.8,0.8,100
2026-01-07 09:50:00-05:00,0.7963,0.7963,0.7963,0.7963,2070
2026-01-07 09:51:00-05:00,0.791,0.7957,0.791,0.7957,8262
2026-01-07 10:55:00-05:00,0.798,0.798,0.798,0.798,6834
2026-01-07 10:57:00-05:00,0.7999,0.8,0.7955,0.7955,7571
2026-01-07 11:47:00-05:00,0.7932,0.7932,0.7932,0.7932,2942
2026-01-07 13:39:00-05:00,0.7932,0.7932,0.7932,0.7932,2569
2026-01-07 14:37:00-05:00,0.7999,0.7999,0.7999,0.7999,4407
2026-01-07 15:38:00-05:00,0.7999,0.7999,0.7999,0.7999,363
2026-01-07 15:47:00-05:00,0.7967,0.7967,0.7967,0.7967,290
2026-01-07 15:59:00-05:00,0.7935,0.7935,0.7935,0.7935,220
2026-01-07 16:00:00-05:00,0.7998,0.8,0.7935,0.7935,1803
2026-01-07 16:01:00-05:00,0.7918,0.7998,0.7918,0.7998,1057
2026-01-07 16:04:00-05:00,0.8055,0.8055,0.8055,0.8055,1
2026-01-07 16:12:00-05:00,0.8035,0.8035,0.8035,0.8035,300
2026-01-07 16:17:00-05:00,0.8035,0.8035,0.8035,0.8035,100
2026-01-07 16:24:00-05:00,0.8035,0.8035,0.8035,0.8035,31
2026-01-07 19:50:00-05:00,0.8055,0.8055,0.8055,0.8055,1
2026-01-08 08:51:00-05:00,0.764,0.764,0.764,0.764,2
2026-01-08 09:31:00-05:00,0.7915,0.7915,0.79,0.79,348
2026-01-08 09:32:00-05:00,0.8215,0.8215,0.8215,0.8215,100
2026-01-08 09:46:00-05:00,0.7927,0.7927,0.7927,0.7927,222
2026-01-08 09:47:00-05:00,0.7935,0.7935,0.7935,0.7935,120
2026-01-08 10:24:00-05:00,0.8143,0.8143,0.8143,0.8143,225
2026-01-08 10:25:00-05:00,0.813,0.813,0.813,0.813,200
2026-01-08 10:26:00-05:00,0.8128,0.8128,0.8128,0.8128,201
2026-01-08 10:35:00-05:00,0.8015,0.8015,0.7935,0.7989,8673
2026-01-08 10:59:00-05:00,0.8068,0.8068,0.8068,0.8068,353
2026-01-08 12:31:00-05:00,0.8068,0.8068,0.8068,0.8068,1380
2026-01-08 13:03:00-05:00,0.8132,0.8132,0.8132,0.8132,200
2026-01-08 15:27:00-05:00,0.8034,0.8034,0.8034,0.8034,951
2026-01-08 15:31:00-05:00,0.8034,0.8034,0.8034,0.8034,200
2026-01-08 15:37:00-05:00,0.8034,0.8034,0.8034,0.8034,500
2026-01-08 15:43:00-05:00,0.7975,0.7975,0.7975,0.7975,200
2026-01-08 15:57:00-05:00,0.8068,0.8068,0.8068,0.8068,1047
2026-01-08 15:59:00-05:00,0.8034,0.8132,0.794,0.794,1311
2026-01-08 16:00:00-05:00,0.794,0.794,0.7935,0.794,1155
2026-01-09 08:01:00-05:00,0.794,0.794,0.794,0.794,1
2026-01-09 09:19:00-05:00,0.794,0.794,0.794,0.794,1
2026-01-09 09:31:00-05:00,0.82,0.82,0.82,0.82,260
2026-01-09 09:52:00-05:00,0.841,0.841,0.841,0.841,290
2026-01-09 09:59:00-05:00,0.8185,0.8185,0.8185,0.8185,765
2026-01-09 10:17:00-05:00,0.8185,0.8185,0.8185,0.8185,252
2026-01-09 10:20:00-05:00,0.8041,0.8041,0.7971,0.7971,213
2026-01-09 10:44:00-05:00,0.796,0.8185,0.796,0.8185,3358
2026-01-09 11:36:00-05:00,0.8054,0.8054,0.8054,0.8054,708
2026-01-09 12:46:00-05:00,0.8,0.8,0.8,0.8,965
2026-01-09 12:48:00-05:00,0.8,0.8,0.8,0.8,276
2026-01-09 14:42:00-05:00,0.8001,0.8001,0.8001,0.8001,1478
2026-01-09 15:15:00-05:00,0.8056,0.8056,0.796,0.7968,1104
2026-01-09 16:05:00-05:00,0.796,0.796,0.796,0.796,1
2026-01-09 17:17:00-05:00,0.7961,0.7961,0.7961,0.7961,5
2026-01-09 17:44:00-05:00,0.7796,0.7796,0.7796,0.7796,65
2026-01-12 09:31:00-05:00,0.7966,0.7966,0.7966,0.7966,539
2026-01-12 10:40:00-05:00,0.7966,0.7966,0.7966,0.7966,6009
2026-01-12 10:55:00-05:00,0.802,0.802,0.802,0.802,643
2026-01-12 11:43:00-05:00,0.84,0.84,0.84,0.84,376
2026-01-12 11:44:00-05:00,0.8295,0.8295,0.8295,0.8295,100
2026-01-12 11:51:00-05:00,0.8083,0.8083,0.8083,0.8083,148
2026-01-12 12:26:00-05:00,0.788,0.788,0.788,0.788,1203
2026-01-12 15:35:00-05:00,0.7903,0.7903,0.7903,0.7903,3376
2026-01-12 15:44:00-05:00,0.8008,0.8008,0.8008,0.8008,4114
2026-01-12 15:45:00-05:00,0.8006,0.8006,0.8006,0.8006,100
2026-01-12 15:56:00-05:00,0.8003,0.8003,0.8003,0.8003,501
2026-01-12 16:00:00-05:00,0.82,0.82,0.791,0.791,1076
2026-01-12 16:05:00-05:00,0.791,0.791,0.791,0.791,1
2026-01-12 16:11:00-05:00,0.791,0.791,0.791,0.791,1
2026-01-13 08:01:00-05:00,0.81,0.81,0.8,0.8,335
2026-01-13 08:36:00-05:00,0.8001,0.8001,0.8001,0.8001,65
2026-01-13 08:38:00-05:00,0.81,0.81,0.81,0.81,28
2026-01-13 09:08:00-05:00,0.81,0.81,0.81,0.81,350
2026-01-13 09:16:00-05:00,0.81,0.81,0.8098,0.8098,1057
2026-01-13 09:31:00-05:00,0.78,0.78,0.78,0.78,100
2026-01-13 10:37:00-05:00,0.7979,0.7979,0.7979,0.7979,3996
2026-01-13 10:55:00-05:00,0.8047,0.8047,0.8047,0.8047,882
2026-01-13 11:16:00-05:00,0.8079,0.8079,0.8079,0.8079,563
2026-01-13 12:44:00-05:00,0.7999,0.8,0.7999,0.8,1063
2026-01-13 13:17:00-05:00,0.798,0.798,0.798,0.798,1603
2026-01-13 14:17:00-05:00,0.7994,0.7994,0.798,0.798,721
2026-01-13 15:35:00-05:00,0.7967,0.7997,0.7967,0.7967,4317
2026-01-13 15:41:00-05:00,0.7999,0.7999,0.7984,0.7984,2487
2026-01-13 15:44:00-05:00,0.7577,0.7584,0.752,0.752,6589
2026-01-13 15:49:00-05:00,0.7562,0.7562,0.7562,0.7562,140
2026-01-13 15:51:00-05:00,0.8,0.8,0.8,0.8,200
2026-01-13 15:55:00-05:00,0.7999,0.7999,0.7999,0.7999,748
2026-01-13 15:56:00-05:00,0.7769,0.7769,0.754,0.754,968
2026-01-13 15:57:00-05:00,0.7999,0.7999,0.7769,0.7769,677
2026-01-13 15:58:00-05:00,0.7999,0.7999,0.7999,0.7999,600
2026-01-13 15:59:00-05:00,0.7769,0.7769,0.7752,0.7752,351
2026-01-13 16:00:00-05:00,0.8,0.8,0.8,0.8,710
2026-01-13 16:02:00-05:00,0.8,0.8,0.8,0.8,100
2026-01-13 16:05:00-05:00,0.8,0.8,0.8,0.8,2
2026-01-14 08:01:00-05:00,0.7728,0.7728,0.7728,0.7728,200
2026-01-14 09:37:00-05:00,0.8,0.8,0.8,0.8,200
2026-01-14 09:48:00-05:00,0.7752,0.7752,0.7752,0.7752,859
2026-01-14 09:58:00-05:00,0.7512,0.7512,0.7512,0.7512,945
2026-01-14 10:24:00-05:00,0.7503,0.7503,0.7503,0.7503,1569
2026-01-14 10:56:00-05:00,0.792,0.792,0.7711,0.792,469
2026-01-14 11:06:00-05:00,0.7515,0.7515,0.75,0.75,7120
2026-01-14 11:08:00-05:00,0.73,0.74,0.7293,0.7308,1016
2026-01-14 12:11:00-05:00,0.7151,0.741,0.7151,0.736,13053
2026-01-14 13:46:00-05:00,0.736,0.736,0.736,0.736,424
2026-01-14 14:40:00-05:00,0.715,0.715,0.715,0.715,1602
2026-01-14 14:43:00-05:00,0.71,0.71,0.71,0.71,100
2026-01-14 14:48:00-05:00,0.71,0.71,0.71,0.71,1767
2026-01-14 15:51:00-05:00,0.7101,0.7101,0.7101,0.7101,1789
2026-01-14 15:55:00-05:00,0.71,0.71,0.71,0.71,3179
2026-01-14 15:59:00-05:00,0.7051,0.7051,0.7051,0.7051,513
2026-01-14 16:00:00-05:00,0.6844,0.697,0.68,0.697,9264
2026-01-14 16:01:00-05:00,0.68,0.68,0.68,0.68,340
2026-01-14 16:05:00-05:00,0.697,0.697,0.697,0.697,2
2026-01-14 16:06:00-05:00,0.68,0.68,0.68,0.68,50
2026-01-14 16:21:00-05:00,0.724,0.724,0.724,0.724,1
2026-01-14 16:22:00-05:00,0.724,0.724,0.724,0.724,4
2026-01-14 17:20:00-05:00,0.7144,0.7144,0.7144,0.7144,100
2026-01-14 19:09:00-05:00,0.7144,0.7144,0.7144,0.7144,2
2026-01-15 08:01:00-05:00,0.789,0.789,0.789,0.789,86
2026-01-15 08:10:00-05:00,0.789,0.789,0.789,0.789,10
2026-01-15 08:29:00-05:00,0.789,0.789,0.789,0.789,20
2026-01-15 09:04:00-05:00,0.7236,0.7236,0.7236,0.7236,5
2026-01-15 09:31:00-05:00,0.779,0.779,0.7286,0.7286,2134
2026-01-15 09:54:00-05:00,0.7679,0.7679,0.7679,0.7679,401
2026-01-15 10:00:00-05:00,0.787,0.787,0.787,0.787,104
2026-01-15 10:21:00-05:00,0.787,0.787,0.787,0.787,4361
2026-01-15 10:51:00-05:00,0.7869,0.7869,0.7324,0.7324,527
2026-01-15 11:11:00-05:00,0.73,0.73,0.73,0.73,176
2026-01-15 11:57:00-05:00,0.735,0.735,0.735,0.735,770
2026-01-15 12:03:00-05:00,0.7352,0.7352,0.7352,0.7352,150
2026-01-15 14:31:00-05:00,0.7352,0.7352,0.7352,0.7352,1027
2026-01-15 15:36:00-05:00,0.7444,0.7498,0.7444,0.7468,1689
2026-01-15 15:37:00-05:00,0.7444,0.7468,0.7444,0.7444,2000
2026-01-15 15:38:00-05:00,0.7468,0.7468,0.7468,0.7468,400
2026-01-15 15:50:00-05:00,0.7553,0.756,0.7553,0.756,301
2026-01-15 15:51:00-05:00,0.787,0.787,0.787,0.787,100
2026-01-15 15:52:00-05:00,0.787,0.787,0.7869,0.7869,200
2026-01-15 15:54:00-05:00,0.7286,0.74,0.7286,0.74,350
2026-01-15 16:05:00-05:00,0.74,0.74,0.74,0.74,1
2026-01-15 17:29:00-05:00,0.74,0.74,0.74,0.74,1
2026-01-15 18:07:00-05:00,0.74,0.74,0.74,0.74,55
2026-01-16 08:01:00-05:00,0.7397,0.7397,0.7397,0.7397,70
2026-01-16 09:31:00-05:00,0.726,0.726,0.726,0.726,112
2026-01-16 09:32:00-05:00,0.7832,0.7832,0.7832,0.7832,957
2026-01-16 10:01:00-05:00,0.78,0.78,0.78,0.78,4520
2026-01-16 10:03:00-05:00,0.78,0.78,0.78,0.78,1301
2026-01-16 10:05:00-05:00,0.78,0.78,0.78,0.78,200
2026-01-16 10:06:00-05:00,0.7799,0.7799,0.7799,0.7799,1000
2026-01-16 10:07:00-05:00,0.7799,0.7799,0.7799,0.7799,1256
2026-01-16 10:10:00-05:00,0.76,0.76,0.76,0.76,4100
2026-01-16 10:12:00-05:00,0.78,0.78,0.78,0.78,970
2026-01-16 10:20:00-05:00,0.77,0.7799,0.77,0.779,1308
2026-01-16 10:22:00-05:00,0.78,0.7867,0.78,0.7867,5916
2026-01-16 10:55:00-05:00,0.797,0.797,0.7919,0.797,4961
2026-01-16 10:56:00-05:00,0.797,0.797,0.797,0.797,2700
2026-01-16 10:58:00-05:00,0.797,0.8,0.7919,0.7934,4478
2026-01-16 11:19:00-05:00,0.81,0.81,0.81,0.81,1179
2026-01-16 11:23:00-05:00,0.819,0.819,0.819,0.819,436
2026-01-16 11:36:00-05:00,0.84,0.84,0.84,0.84,106
2026-01-16 12:02:00-05:00,0.8399,0.8399,0.8399,0.8399,781
2026-01-16 12:11:00-05:00,0.84,0.84,0.84,0.84,215
2026-01-16 13:53:00-05:00,0.825,0.8433,0.825,0.8399,1691
2026-01-16 14:06:00-05:00,0.8154,0.8154,0.8154,0.8154,300
2026-01-16 15:18:00-05:00,0.825,0.825,0.81,0.81,1065
2026-01-16 16:05:00-05:00,0.825,0.825,0.825,0.825,1
2026-01-16 16:11:00-05:00,0.825,0.825,0.825,0.825,1
2026-01-16 17:02:00-05:00,0.81,0.81,0.81,0.81,100
2026-01-20 08:01:00-05:00,0.877,0.877,0.877,0.877,50
2026-01-20 08:02:00-05:00,0.8437,0.8437,0.8437,0.8437,5
2026-01-20 08:14:00-05:00,0.8103,0.8103,0.8103,0.8103,76
2026-01-20 09:31:00-05:00,0.849,0.849,0.8104,0.8104,2083
2026-01-20 10:02:00-05:00,0.8315,0.8315,0.8315,0.8315,740
2026-01-20 10:57:00-05:00,0.848,0.848,0.848,0.848,2463
2026-01-20 12:36:00-05:00,0.8588,0.8588,0.8588,0.8588,398
2026-01-20 13:19:00-05:00,0.87,0.87,0.87,0.87,2142
2026-01-20 13:20:00-05:00,0.859,0.859,0.859,0.859,273
2026-01-20 13:24:00-05:00,0.8585,0.8585,0.858,0.858,512
2026-01-20 13:51:00-05:00,0.8699,0.8699,0.8699,0.8699,325
2026-01-20 14:47:00-05:00,0.8699,0.8699,0.8699,0.8699,289
2026-01-20 15:04:00-05:00,0.854,0.854,0.854,0.854,1051
2026-01-20 15:13:00-05:00,0.854,0.854,0.854,0.854,358
2026-01-20 15:14:00-05:00,0.854,0.854,0.854,0.854,100
2026-01-20 15:44:00-05:00,0.86,0.86,0.86,0.86,125
2026-01-20 15:45:00-05:00,0.86,0.86,0.854,0.854,700
2026-01-20 15:55:00-05:00,0.8695,0.8695,0.8695,0.8695,1819
2026-01-20 16:00:00-05:00,0.8587,0.8587,0.8587,0.8587,264
2026-01-20 16:11:00-05:00,0.8587,0.8587,0.8587,0.8587,1
2026-01-20 17:30:00-05:00,0.8587,0.8587,0.8587,0.8587,3
2026-01-20 18:17:00-05:00,0.8587,0.8587,0.8587,0.8587,10
2026-01-21 07:08:00-05:00,0.897,0.897,0.897,0.897,222
2026-01-21 08:01:00-05:00,0.95,1.0,0.95,1.0,404
2026-01-21 08:03:00-05:00,0.99,0.99,0.99,0.99,1000
2026-01-21 08:04:00-05:00,0.99,1.0,0.96,1.0,2090
2026-01-21 08:05:00-05:00,1.0,1.0,0.95,0.95,2148
2026-01-21 08:06:00-05:00,0.9,0.9215,0.897,0.9214,2030
2026-01-21 08:09:00-05:00,0.897,0.897,0.897,0.897,2
2026-01-21 08:15:00-05:00,0.897,0.897,0.897,0.897,4
2026-01-21 08:16:00-05:00,0.897,0.897,0.897,0.897,3
2026-01-21 08:26:00-05:00,0.9214,0.9214,0.9214,0.9214,23
2026-01-21 08:27:00-05:00,0.897,0.897,0.897,0.897,325
2026-01-21 08:34:00-05:00,0.9,0.9,0.9,0.9,224
2026-01-21 08:48:00-05:00,0.9115,0.9215,0.9115,0.9215,335
2026-01-21 08:54:00-05:00,0.9775,0.9775,0.9775,0.9775,1
2026-01-21 08:55:00-05:00,0.9926,0.9926,0.9926,0.9926,1
2026-01-21 08:57:00-05:00,0.9999,0.9999,0.9999,0.9999,600
2026-01-21 08:58:00-05:00,0.9876,0.9876,0.9822,0.9822,62
2026-01-21 08:59:00-05:00,0.9822,0.9999,0.93,0.9999,28
2026-01-21 09:00:00-05:00,0.9811,0.9811,0.9811,0.9811,64
2026-01-21 09:02:00-05:00,0.9516,0.9516,0.9516,0.9516,52
2026-01-21 09:10:00-05:00,0.9515,0.9515,0.9515,0.9515,1000
2026-01-21 09:11:00-05:00,0.9516,0.9516,0.9516,0.9516,1
2026-01-21 09:15:00-05:00,0.9516,0.9516,0.9516,0.9516,1
2026-01-21 09:16:00-05:00,0.9516,0.9516,0.9516,0.9516,1
2026-01-21 09:17:00-05:00,0.9513,0.9513,0.9513,0.9513,1
2026-01-21 09:18:00-05:00,0.93,0.93,0.93,0.93,40
2026-01-21 09:22:00-05:00,0.93,0.93,0.93,0.93,2
2026-01-21 09:27:00-05:00,0.93,0.93,0.93,0.93,83
2026-01-21 09:31:00-05:00,0.91,0.91,0.91,0.91,1000
2026-01-21 09:32:00-05:00,0.95,0.95,0.95,0.95,3144
2026-01-21 09:33:00-05:00,0.954,0.954,0.954,0.954,210
2026-01-21 09:34:00-05:00,0.9725,1.06,0.95,1.06,5100
2026-01-21 09:35:00-05:00,1.031,1.07,1.031,1.07,7126
2026-01-21 09:36:00-05:00,1.085,1.19,1.085,1.145,5619
2026-01-21 09:37:00-05:00,1.15,1.226,1.15,1.226,16266
2026-01-21 09:38:00-05:00,1.23,1.32,1.23,1.32,13398
2026-01-21 09:43:00-05:00,1.32,1.58,1.315,1.58,62680
2026-01-21 09:53:00-05:00,1.73,1.88,1.73,1.88,179156
2026-01-21 09:54:00-05:00,1.88,1.9,1.4,1.8,764336
2026-01-21 09:55:00-05:00,1.785,1.81,1.5,1.56,471412
2026-01-21 09:56:00-05:00,1.55,1.64,1.4,1.47,393506
2026-01-21 09:57:00-05:00,1.46,1.62,1.43,1.61,308329
2026-01-21 09:58:00-05:00,1.6,1.64,1.51,1.57,260786
2026-01-21 09:59:00-05:00,1.6,1.62,1.41,1.46,286531
2026-01-21 10:00:00-05:00,1.491,1.53,1.42,1.45,155187
2026-01-21 10:01:00-05:00,1.45,1.62,1.45,1.57,147129
2026-01-21 10:02:00-05:00,1.575,1.83,1.53,1.81,553662
2026-01-21 10:03:00-05:00,1.8,2.0,1.76,1.935,1091014
2026-01-21 10:04:00-05:00,1.92,2.2,1.9,2.16,929737
2026-01-21 10:05:00-05:00,2.16,2.18,1.94,2.13,814590
2026-01-21 10:06:00-05:00,2.13,2.41,2.12,2.41,1277145
2026-01-21 10:07:00-05:00,2.41,2.54,2.27,2.53,1203946
2026-01-21 10:08:00-05:00,2.54,2.54,2.26,2.398,870276
2026-01-21 10:09:00-05:00,2.398,2.47,2.2,2.24,585850
2026-01-21 10:10:00-05:00,2.24,2.42,2.23,2.35,496010
2026-01-21 10:11:00-05:00,2.369,2.5,2.03,2.19,1217220
2026-01-21 10:12:00-05:00,2.18,2.27,2.11,2.23,469411
2026-01-21 10:13:00-05:00,2.23,2.31,2.12,2.23,415678
2026-01-21 10:14:00-05:00,2.23,2.6,2.23,2.58,1265960
2026-01-21 10:15:00-05:00,2.56,2.83,2.52,2.69,2091170
2026-01-21 10:16:00-05:00,2.69,2.99,2.68,2.79,1775571
2026-01-21 10:17:00-05:00,2.8,2.97,2.71,2.79,888977
2026-01-21 10:18:00-05:00,2.79,2.895,2.67,2.755,780842
2026-01-21 10:19:00-05:00,2.79,2.88,2.63,2.72,730247
2026-01-21 10:20:00-05:00,2.72,2.78,2.51,2.73,989862
2026-01-21 10:21:00-05:00,2.73,2.93,2.65,2.859,1240463
2026-01-21 10:22:00-05:00,2.85,2.9,2.75,2.81,550082
2026-01-21 10:23:00-05:00,2.8,2.87,2.75,2.799,449167
2026-01-21 10:24:00-05:00,2.808,2.85,2.62,2.73,831831
2026-01-21 10:25:00-05:00,2.73,2.8,2.67,2.7,427128
2026-01-21 10:26:00-05:00,2.72,2.77,2.62,2.65,472114
2026-01-21 10:27:00-05:00,2.64,2.7,2.62,2.68,327616
2026-01-21 10:28:00-05:00,2.69,2.75,2.63,2.7,408384
2026-01-21 10:29:00-05:00,2.69,2.7,2.39,2.39,982775
2026-01-21 10:30:00-05:00,2.396,2.49,2.3,2.44,911657
2026-01-21 10:31:00-05:00,2.457,2.46,2.29,2.34,461836
2026-01-21 10:32:00-05:00,2.32,2.4,2.31,2.32,311899
2026-01-21 10:33:00-05:00,2.34,2.4,2.17,2.26,478168
2026-01-21 10:34:00-05:00,2.24,2.3,2.07,2.26,1044081
2026-01-21 10:35:00-05:00,2.27,2.27,2.19,2.22,288897
2026-01-21 10:36:00-05:00,2.22,2.37,2.19,2.35,524992
2026-01-21 10:37:00-05:00,2.36,2.42,2.33,2.36,541153
2026-01-21 10:38:00-05:00,2.37,2.46,2.29,2.33,481466
2026-01-21 10:39:00-05:00,2.33,2.36,2.22,2.28,306002
2026-01-21 10:40:00-05:00,2.25,2.31,2.25,2.29,167108
2026-01-21 10:41:00-05:00,2.28,2.36,2.21,2.35,261377
2026-01-21 10:42:00-05:00,2.34,2.44,2.295,2.34,592740
2026-01-21 10:43:00-05:00,2.36,2.46,2.34,2.44,528188
2026-01-21 10:44:00-05:00,2.44,2.46,2.2,2.24,599578
2026-01-21 10:45:00-05:00,2.23,2.36,2.19,2.27,368358
2026-01-21 10:46:00-05:00,2.3,2.53,2.28,2.51,619915
2026-01-21 10:47:00-05:00,2.5,2.65,2.49,2.56,1046709
2026-01-21 10:48:00-05:00,2.56,2.62,2.52,2.585,560532
2026-01-21 10:49:00-05:00,2.58,2.58,2.52,2.55,341459
2026-01-21 10:50:00-05:00,2.56,2.72,2.56,2.65,699913
2026-01-21 10:51:00-05:00,2.65,2.68,2.43,2.49,776889
2026-01-21 10:52:00-05:00,2.49,2.52,2.38,2.46,513436
2026-01-21 10:53:00-05:00,2.47,2.47,2.41,2.421,209515
2026-01-21 10:54:00-05:00,2.43,2.45,2.34,2.38,300713
2026-01-21 10:55:00-05:00,2.391,2.44,2.22,2.25,407216
2026-01-21 10:56:00-05:00,2.24,2.37,2.23,2.322,374462
2026-01-21 10:57:00-05:00,2.32,2.34,2.28,2.315,196233
2026-01-21 10:58:00-05:00,2.31,2.34,2.29,2.29,129436
2026-01-21 10:59:00-05:00,2.299,2.34,2.28,2.335,125961
2026-01-21 11:00:00-05:00,2.325,2.36,2.3,2.34,160148
2026-01-21 11:01:00-05:00,2.349,2.39,2.26,2.27,306644
2026-01-21 11:02:00-05:00,2.261,2.3,2.25,2.262,154691
2026-01-21 11:03:00-05:00,2.27,2.33,2.26,2.3,116230
2026-01-21 11:04:00-05:00,2.3,2.3,2.26,2.26,102449
2026-01-21 11:05:00-05:00,2.26,2.34,2.25,2.299,186451
2026-01-21 11:06:00-05:00,2.29,2.29,2.05,2.06,513126
2026-01-21 11:07:00-05:00,2.06,2.1,1.85,1.861,889553
2026-01-21 11:08:00-05:00,1.87,1.98,1.853,1.95,579766
2026-01-21 11:09:00-05:00,1.95,2.07,1.95,1.985,429020
2026-01-21 11:10:00-05:00,1.99,2.035,1.98,2.01,160894
2026-01-21 11:11:00-05:00,2.015,2.015,1.98,2.01,129637
2026-01-21 11:12:00-05:00,2.01,2.01,1.95,1.98,112424
2026-01-21 11:13:00-05:00,1.985,2.0,1.975,1.99,76540
2026-01-21 11:14:00-05:00,1.99,2.012,1.98,2.0,99067
2026-01-21 11:15:00-05:00,2.0,2.01,1.95,1.95,174940
2026-01-21 11:16:00-05:00,1.94,1.95,1.83,1.9,358266
2026-01-21 11:17:00-05:00,1.89,1.92,1.89,1.89,132580
2026-01-21 11:18:00-05:00,1.89,1.94,1.86,1.94,185748
2026-01-21 11:19:00-05:00,1.939,2.09,1.931,2.052,540028
2026-01-21 11:20:00-05:00,2.051,2.18,2.05,2.12,685369
2026-01-21 11:21:00-05:00,2.12,2.18,2.11,2.14,301541
2026-01-21 11:22:00-05:00,2.13,2.14,2.06,2.09,240384
2026-01-21 11:23:00-05:00,2.09,2.12,2.07,2.07,144114
2026-01-21 11:24:00-05:00,2.08,2.09,1.97,1.97,170691
2026-01-21 11:25:00-05:00,1.975,2.0,1.9,1.94,345396
2026-01-21 11:26:00-05:00,1.94,2.02,1.94,2.01,164350
2026-01-21 11:27:00-05:00,2.0,2.1,2.0,2.08,199514
2026-01-21 11:28:00-05:00,2.09,2.1,2.06,2.08,139359
2026-01-21 11:29:00-05:00,2.06,2.2,2.06,2.18,329455
2026-01-21 11:30:00-05:00,2.18,2.19,2.12,2.14,171761
2026-01-21 11:31:00-05:00,2.15,2.25,2.132,2.23,405655
2026-01-21 11:32:00-05:00,2.23,2.275,2.06,2.09,445060
2026-01-21 11:33:00-05:00,2.09,2.2,2.09,2.17,208315
2026-01-21 11:34:00-05:00,2.16,2.17,2.1,2.15,114695
2026-01-21 11:35:00-05:00,2.14,2.17,2.09,2.09,112187
2026-01-21 11:36:00-05:00,2.1,2.12,2.04,2.04,131821
2026-01-21 11:37:00-05:00,2.05,2.05,1.98,2.005,288302
2026-01-21 11:38:00-05:00,2.0,2.02,1.98,2.0,87791
2026-01-21 11:39:00-05:00,2.0,2.01,1.87,1.96,215884
2026-01-21 11:40:00-05:00,1.96,2.0,1.94,1.965,139150
2026-01-21 11:41:00-05:00,1.955,2.0,1.95,1.98,59939
2026-01-21 11:42:00-05:00,1.97,2.01,1.92,1.96,108289
2026-01-21 11:43:00-05:00,1.96,1.98,1.94,1.95,66859
2026-01-21 11:44:00-05:00,1.95,1.96,1.88,1.91,208849
2026-01-21 11:45:00-05:00,1.915,1.92,1.75,1.83,434435
2026-01-21 11:46:00-05:00,1.83,1.84,1.78,1.78,203224
2026-01-21 11:47:00-05:00,1.79,1.82,1.78,1.8,78336
2026-01-21 11:48:00-05:00,1.8,1.8,1.65,1.71,345745
2026-01-21 11:49:00-05:00,1.705,1.79,1.67,1.71,346185
2026-01-21 11:50:00-05:00,1.711,1.74,1.7,1.74,98487
2026-01-21 11:51:00-05:00,1.74,1.79,1.73,1.757,137208
2026-01-21 11:52:00-05:00,1.755,1.77,1.72,1.75,89536
2026-01-21 11:53:00-05:00,1.75,1.75,1.67,1.675,87671
2026-01-21 11:54:00-05:00,1.676,1.71,1.51,1.52,429806
2026-01-21 11:55:00-05:00,1.53,1.57,1.41,1.505,562609
2026-01-21 11:56:00-05:00,1.51,1.52,1.46,1.485,220207
2026-01-21 11:57:00-05:00,1.49,1.53,1.48,1.498,120340
2026-01-21 11:58:00-05:00,1.5,1.51,1.41,1.44,269417
2026-01-21 11:59:00-05:00,1.44,1.6,1.44,1.56,315346
2026-01-21 12:00:00-05:00,1.56,1.58,1.54,1.55,95186
2026-01-21 12:01:00-05:00,1.55,1.56,1.51,1.545,90267
2026-01-21 12:02:00-05:00,1.55,1.575,1.54,1.57,50203
2026-01-21 12:03:00-05:00,1.57,1.6,1.51,1.53,174713
2026-01-21 12:04:00-05:00,1.53,1.54,1.52,1.52,47627
2026-01-21 12:05:00-05:00,1.53,1.55,1.43,1.45,138464
2026-01-21 12:06:00-05:00,1.455,1.5,1.455,1.5,76539
2026-01-21 12:07:00-05:00,1.49,1.52,1.49,1.51,55544
2026-01-21 12:08:00-05:00,1.505,1.52,1.49,1.49,40354
2026-01-21 12:09:00-05:00,1.5,1.52,1.45,1.49,57937
2026-01-21 12:10:00-05:00,1.48,1.49,1.47,1.48,58558
2026-01-21 12:11:00-05:00,1.48,1.48,1.41,1.41,142647
2026-01-21 12:12:00-05:00,1.41,1.46,1.38,1.43,260102
2026-01-21 12:13:00-05:00,1.42,1.43,1.37,1.4,182241
2026-01-21 12:14:00-05:00,1.39,1.45,1.39,1.44,90800
2026-01-21 12:15:00-05:00,1.44,1.49,1.44,1.48,128351
2026-01-21 12:16:00-05:00,1.475,1.5,1.44,1.47,191336
2026-01-21 12:17:00-05:00,1.48,1.48,1.45,1.45,63017
2026-01-21 12:18:00-05:00,1.445,1.46,1.44,1.45,44422
2026-01-21 12:19:00-05:00,1.45,1.45,1.43,1.435,17709
2026-01-21 12:20:00-05:00,1.44,1.46,1.43,1.46,29874
2026-01-21 12:21:00-05:00,1.46,1.545,1.46,1.52,244951
2026-01-21 12:22:00-05:00,1.51,1.56,1.51,1.55,127049
2026-01-21 12:23:00-05:00,1.541,1.58,1.53,1.575,160468
2026-01-21 12:24:00-05:00,1.575,1.58,1.55,1.56,142343
2026-01-21 12:25:00-05:00,1.57,1.57,1.54,1.56,63501
2026-01-21 12:26:00-05:00,1.57,1.64,1.56,1.62,144506
2026-01-21 12:27:00-05:00,1.61,1.64,1.6,1.62,149851
2026-01-21 12:28:00-05:00,1.61,1.62,1.53,1.55,115367
2026-01-21 12:29:00-05:00,1.55,1.57,1.52,1.53,45675
2026-01-21 12:30:00-05:00,1.525,1.53,1.46,1.51,119196
2026-01-21 12:31:00-05:00,1.51,1.55,1.49,1.53,50221
2026-01-21 12:32:00-05:00,1.525,1.56,1.52,1.53,33395
2026-01-21 12:33:00-05:00,1.54,1.55,1.5,1.51,35094
2026-01-21 12:34:00-05:00,1.51,1.51,1.46,1.51,44352
2026-01-21 12:35:00-05:00,1.505,1.59,1.5,1.572,61721
2026-01-21 12:36:00-05:00,1.555,1.61,1.55,1.58,82307
2026-01-21 12:37:00-05:00,1.6,1.61,1.57,1.61,77010
2026-01-21 12:38:00-05:00,1.6,1.64,1.59,1.62,119653
2026-01-21 12:39:00-05:00,1.62,1.66,1.61,1.64,165293
2026-01-21 12:40:00-05:00,1.64,1.65,1.59,1.605,86137
2026-01-21 12:41:00-05:00,1.605,1.62,1.59,1.62,48416
2026-01-21 12:42:00-05:00,1.615,1.69,1.615,1.685,116464
2026-01-21 12:43:00-05:00,1.68,1.85,1.63,1.845,550453
2026-01-21 12:44:00-05:00,1.842,1.97,1.84,1.91,744137
2026-01-21 12:45:00-05:00,1.91,1.92,1.78,1.84,455754
2026-01-21 12:46:00-05:00,1.835,1.87,1.76,1.79,241612
2026-01-21 12:47:00-05:00,1.79,1.8,1.68,1.695,360297
2026-01-21 12:48:00-05:00,1.697,1.74,1.65,1.675,220001
2026-01-21 12:49:00-05:00,1.67,1.715,1.65,1.715,135743
2026-01-21 12:50:00-05:00,1.71,1.78,1.71,1.77,300652
2026-01-21 12:51:00-05:00,1.78,1.85,1.76,1.85,219126
2026-01-21 12:52:00-05:00,1.85,1.85,1.79,1.8,197929
2026-01-21 12:53:00-05:00,1.8,1.8,1.72,1.745,178085
2026-01-21 12:54:00-05:00,1.74,1.78,1.74,1.769,66351
2026-01-21 12:55:00-05:00,1.765,1.85,1.75,1.84,177640
2026-01-21 12:56:00-05:00,1.84,1.99,1.84,1.96,569125
2026-01-21 12:57:00-05:00,1.955,1.99,1.89,1.95,375126
2026-01-21 12:58:00-05:00,1.95,2.0,1.93,1.98,418793
2026-01-21 12:59:00-05:00,1.975,2.0,1.8,1.85,439590
2026-01-21 13:00:00-05:00,1.85,1.86,1.78,1.79,237476
2026-01-21 13:01:00-05:00,1.79,1.85,1.77,1.83,143840
2026-01-21 13:02:00-05:00,1.83,1.86,1.77,1.78,121673
2026-01-21 13:03:00-05:00,1.78,1.83,1.75,1.81,188675
2026-01-21 13:04:00-05:00,1.81,1.88,1.8,1.87,156949
2026-01-21 13:05:00-05:00,1.87,1.89,1.83,1.86,115759
2026-01-21 13:06:00-05:00,1.87,1.87,1.8,1.8,111811
2026-01-21 13:07:00-05:00,1.795,1.82,1.77,1.79,148138
2026-01-21 13:08:00-05:00,1.791,1.8,1.74,1.74,53980
2026-01-21 13:09:00-05:00,1.74,1.78,1.6,1.675,377643
2026-01-21 13:10:00-05:00,1.68,1.69,1.65,1.66,126054
2026-01-21 13:11:00-05:00,1.66,1.69,1.54,1.6,398879
2026-01-21 13:12:00-05:00,1.62,1.65,1.54,1.58,150016
2026-01-21 13:13:00-05:00,1.59,1.63,1.57,1.605,105649
2026-01-21 13:14:00-05:00,1.6,1.6,1.57,1.57,51437
2026-01-21 13:15:00-05:00,1.57,1.59,1.55,1.59,67515
2026-01-21 13:16:00-05:00,1.59,1.67,1.59,1.65,127986
2026-01-21 13:17:00-05:00,1.66,1.67,1.58,1.62,84032
2026-01-21 13:18:00-05:00,1.61,1.62,1.59,1.61,44687
2026-01-21 13:19:00-05:00,1.61,1.65,1.565,1.59,73520
2026-01-21 13:20:00-05:00,1.59,1.63,1.59,1.63,49113
2026-01-21 13:21:00-05:00,1.61,1.62,1.58,1.585,22816
2026-01-21 13:22:00-05:00,1.585,1.6,1.56,1.57,35390
2026-01-21 13:23:00-05:00,1.57,1.62,1.56,1.61,47926
2026-01-21 13:24:00-05:00,1.59,1.6,1.56,1.57,16447
2026-01-21 13:25:00-05:00,1.56,1.59,1.51,1.511,108317
2026-01-21 13:26:00-05:00,1.51,1.56,1.51,1.545,40057
2026-01-21 13:27:00-05:00,1.54,1.54,1.51,1.52,38350
2026-01-21 13:28:00-05:00,1.53,1.53,1.49,1.495,87602
2026-01-21 13:29:00-05:00,1.5,1.56,1.49,1.56,80525
2026-01-21 13:30:00-05:00,1.559,1.56,1.52,1.53,19612
2026-01-21 13:31:00-05:00,1.53,1.54,1.51,1.51,20276
2026-01-21 13:32:00-05:00,1.52,1.53,1.49,1.525,56410
2026-01-21 13:33:00-05:00,1.525,1.55,1.52,1.54,13373
2026-01-21 13:34:00-05:00,1.55,1.61,1.53,1.607,72068
2026-01-21 13:35:00-05:00,1.61,1.62,1.55,1.565,114958
2026-01-21 13:36:00-05:00,1.56,1.58,1.55,1.58,20198
2026-01-21 13:37:00-05:00,1.58,1.58,1.54,1.55,15834
2026-01-21 13:38:00-05:00,1.555,1.57,1.54,1.57,20536
2026-01-21 13:39:00-05:00,1.56,1.57,1.555,1.56,4946
2026-01-21 13:40:00-05:00,1.56,1.59,1.535,1.59,63199
2026-01-21 13:41:00-05:00,1.595,1.6,1.56,1.57,26206
2026-01-21 13:42:00-05:00,1.58,1.58,1.49,1.52,81357
2026-01-21 13:43:00-05:00,1.51,1.52,1.49,1.49,80026
2026-01-21 13:44:00-05:00,1.5,1.53,1.49,1.49,39312
2026-01-21 13:45:00-05:00,1.49,1.5,1.49,1.5,25269
2026-01-21 13:46:00-05:00,1.49,1.53,1.49,1.53,30767
2026-01-21 13:47:00-05:00,1.52,1.52,1.5,1.505,11503
2026-01-21 13:48:00-05:00,1.5,1.52,1.491,1.52,11899
2026-01-21 13:49:00-05:00,1.52,1.55,1.52,1.53,32963
2026-01-21 13:50:00-05:00,1.525,1.53,1.51,1.51,12538
2026-01-21 13:51:00-05:00,1.51,1.52,1.51,1.52,11712
2026-01-21 13:52:00-05:00,1.52,1.52,1.51,1.52,3381
2026-01-21 13:53:00-05:00,1.51,1.58,1.51,1.575,46546
2026-01-21 13:54:00-05:00,1.57,1.64,1.57,1.63,48266
2026-01-21 13:55:00-05:00,1.63,1.64,1.58,1.59,27744
2026-01-21 13:56:00-05:00,1.585,1.59,1.565,1.565,21163
2026-01-21 13:57:00-05:00,1.56,1.61,1.56,1.59,22624
2026-01-21 13:58:00-05:00,1.59,1.6,1.56,1.58,21630
2026-01-21 13:59:00-05:00,1.58,1.61,1.565,1.6,26691
2026-01-21 14:00:00-05:00,1.59,1.71,1.59,1.689,119369
2026-01-21 14:01:00-05:00,1.69,1.69,1.62,1.65,69073
2026-01-21 14:02:00-05:00,1.64,1.65,1.59,1.63,24667
2026-01-21 14:03:00-05:00,1.62,1.625,1.55,1.55,45397
2026-01-21 14:04:00-05:00,1.55,1.58,1.54,1.575,25225
2026-01-21 14:05:00-05:00,1.58,1.61,1.57,1.59,36496
2026-01-21 14:06:00-05:00,1.58,1.59,1.55,1.555,35614
2026-01-21 14:07:00-05:00,1.56,1.57,1.56,1.56,4333
2026-01-21 14:08:00-05:00,1.56,1.56,1.51,1.52,33865
2026-01-21 14:09:00-05:00,1.52,1.57,1.51,1.56,44854
2026-01-21 14:10:00-05:00,1.55,1.56,1.545,1.56,8538
2026-01-21 14:11:00-05:00,1.55,1.55,1.54,1.54,5014
2026-01-21 14:12:00-05:00,1.54,1.58,1.54,1.58,37027
2026-01-21 14:13:00-05:00,1.57,1.61,1.57,1.58,21638
2026-01-21 14:14:00-05:00,1.58,1.59,1.55,1.55,31216
2026-01-21 14:15:00-05:00,1.56,1.59,1.56,1.588,13037
2026-01-21 14:16:00-05:00,1.59,1.59,1.56,1.58,30659
2026-01-21 14:17:00-05:00,1.56,1.57,1.54,1.56,32253
2026-01-21 14:18:00-05:00,1.54,1.59,1.54,1.57,32444
2026-01-21 14:19:00-05:00,1.575,1.58,1.54,1.58,19487
2026-01-21 14:20:00-05:00,1.55,1.56,1.54,1.56,5018
2026-01-21 14:21:00-05:00,1.55,1.57,1.54,1.54,18339
2026-01-21 14:22:00-05:00,1.55,1.55,1.51,1.52,27341
2026-01-21 14:23:00-05:00,1.52,1.54,1.51,1.53,45598
2026-01-21 14:24:00-05:00,1.55,1.56,1.529,1.54,29803
2026-01-21 14:25:00-05:00,1.53,1.54,1.51,1.52,9371
2026-01-21 14:26:00-05:00,1.52,1.52,1.44,1.441,103425
2026-01-21 14:27:00-05:00,1.44,1.48,1.44,1.45,116153
2026-01-21 14:28:00-05:00,1.46,1.47,1.45,1.45,19119
2026-01-21 14:29:00-05:00,1.46,1.46,1.44,1.445,43989
2026-01-21 14:30:00-05:00,1.46,1.47,1.45,1.45,16367
2026-01-21 14:31:00-05:00,1.45,1.46,1.44,1.46,10404
2026-01-21 14:32:00-05:00,1.46,1.46,1.41,1.413,49163
2026-01-21 14:33:00-05:00,1.41,1.42,1.41,1.415,37710
2026-01-21 14:34:00-05:00,1.41,1.43,1.41,1.42,39341
2026-01-21 14:35:00-05:00,1.42,1.42,1.38,1.39,63467
2026-01-21 14:36:00-05:00,1.4,1.44,1.38,1.44,47630
2026-01-21 14:37:00-05:00,1.44,1.44,1.43,1.43,27590
2026-01-21 14:38:00-05:00,1.44,1.46,1.44,1.46,19653
2026-01-21 14:39:00-05:00,1.445,1.46,1.445,1.46,11492
2026-01-21 14:40:00-05:00,1.46,1.53,1.46,1.5,86568
2026-01-21 14:41:00-05:00,1.5,1.52,1.498,1.52,37556
2026-01-21 14:42:00-05:00,1.51,1.53,1.51,1.521,16566
2026-01-21 14:43:00-05:00,1.52,1.56,1.52,1.53,63310
2026-01-21 14:44:00-05:00,1.54,1.6,1.53,1.59,76096
2026-01-21 14:45:00-05:00,1.6,1.67,1.6,1.65,188733
2026-01-21 14:46:00-05:00,1.655,1.76,1.655,1.755,171329
2026-01-21 14:47:00-05:00,1.76,1.92,1.71,1.845,429535
2026-01-21 14:48:00-05:00,1.841,1.85,1.74,1.75,257891
2026-01-21 14:49:00-05:00,1.75,1.8,1.7,1.7,217762
2026-01-21 14:50:00-05:00,1.7,1.759,1.69,1.71,112833
2026-01-21 14:51:00-05:00,1.715,1.83,1.69,1.83,150691
2026-01-21 14:52:00-05:00,1.82,1.87,1.765,1.82,129388
2026-01-21 14:53:00-05:00,1.83,1.9,1.77,1.88,225175
2026-01-21 14:54:00-05:00,1.86,1.93,1.8,1.85,242641
2026-01-21 14:55:00-05:00,1.87,1.87,1.73,1.8,152406
2026-01-21 14:56:00-05:00,1.8,1.82,1.74,1.76,83902
2026-01-21 14:57:00-05:00,1.79,1.79,1.75,1.756,37175
2026-01-21 14:58:00-05:00,1.755,1.77,1.64,1.7,157309
2026-01-21 14:59:00-05:00,1.7,1.72,1.66,1.695,64059
2026-01-21 15:00:00-05:00,1.7,1.72,1.67,1.7,45096
2026-01-21 15:01:00-05:00,1.7,1.82,1.69,1.79,185629
2026-01-21 15:02:00-05:00,1.79,1.81,1.79,1.79,63726
2026-01-21 15:03:00-05:00,1.79,1.8,1.7,1.73,97248
2026-01-21 15:04:00-05:00,1.72,1.73,1.7,1.717,23777
2026-01-21 15:05:00-05:00,1.7,1.71,1.66,1.67,54955
2026-01-21 15:06:00-05:00,1.68,1.7,1.67,1.69,17747
2026-01-21 15:07:00-05:00,1.69,1.7,1.68,1.69,10553
2026-01-21 15:08:00-05:00,1.68,1.69,1.66,1.66,45796
2026-01-21 15:09:00-05:00,1.665,1.665,1.585,1.63,114626
2026-01-21 15:10:00-05:00,1.62,1.63,1.6,1.61,48931
2026-01-21 15:11:00-05:00,1.62,1.63,1.609,1.63,23342
2026-01-21 15:12:00-05:00,1.63,1.68,1.57,1.58,89691
2026-01-21 15:13:00-05:00,1.58,1.61,1.57,1.58,42156
2026-01-21 15:14:00-05:00,1.58,1.6,1.55,1.57,68533
2026-01-21 15:15:00-05:00,1.57,1.6,1.57,1.58,23010
2026-01-21 15:16:00-05:00,1.585,1.6,1.58,1.59,12764
2026-01-21 15:17:00-05:00,1.6,1.67,1.59,1.65,47075
2026-01-21 15:18:00-05:00,1.65,1.69,1.63,1.67,75154
2026-01-21 15:19:00-05:00,1.665,1.68,1.64,1.64,27097
2026-01-21 15:20:00-05:00,1.64,1.66,1.63,1.65,22967
2026-01-21 15:21:00-05:00,1.65,1.65,1.64,1.65,8938
2026-01-21 15:22:00-05:00,1.65,1.67,1.64,1.665,20082
2026-01-21 15:23:00-05:00,1.67,1.67,1.635,1.65,29435
2026-01-21 15:24:00-05:00,1.65,1.74,1.63,1.735,78979
2026-01-21 15:25:00-05:00,1.73,1.75,1.7,1.73,72837
2026-01-21 15:26:00-05:00,1.73,1.73,1.7,1.719,39424
2026-01-21 15:27:00-05:00,1.7,1.77,1.7,1.74,55628
2026-01-21 15:28:00-05:00,1.745,1.82,1.74,1.8,103346
2026-01-21 15:29:00-05:00,1.8,1.801,1.75,1.77,45677
2026-01-21 15:30:00-05:00,1.77,1.8,1.76,1.79,72823
2026-01-21 15:31:00-05:00,1.795,1.82,1.76,1.789,97201
2026-01-21 15:32:00-05:00,1.78,1.79,1.59,1.63,192613
2026-01-21 15:33:00-05:00,1.63,1.67,1.619,1.63,69899
2026-01-21 15:34:00-05:00,1.63,1.64,1.605,1.615,27275
2026-01-21 15:35:00-05:00,1.615,1.63,1.61,1.63,13103
2026-01-21 15:36:00-05:00,1.63,1.65,1.63,1.64,25130
2026-01-21 15:37:00-05:00,1.64,1.72,1.64,1.72,88276
2026-01-21 15:38:00-05:00,1.72,1.73,1.7,1.7,21669
2026-01-21 15:39:00-05:00,1.7,1.71,1.7,1.705,27833
2026-01-21 15:40:00-05:00,1.7,1.71,1.7,1.7,14754
2026-01-21 15:41:00-05:00,1.71,1.71,1.65,1.66,28943
2026-01-21 15:42:00-05:00,1.64,1.76,1.64,1.76,75729
2026-01-21 15:43:00-05:00,1.74,1.8,1.74,1.79,53855
2026-01-21 15:44:00-05:00,1.8,1.84,1.77,1.775,163998
2026-01-21 15:45:00-05:00,1.77,1.78,1.71,1.73,44551
2026-01-21 15:46:00-05:00,1.73,1.73,1.67,1.68,52339
2026-01-21 15:47:00-05:00,1.68,1.69,1.67,1.68,19658
2026-01-21 15:48:00-05:00,1.68,1.69,1.62,1.64,58049
2026-01-21 15:49:00-05:00,1.64,1.66,1.639,1.66,19996
2026-01-21 15:50:00-05:00,1.66,1.69,1.62,1.633,43277
2026-01-21 15:51:00-05:00,1.64,1.69,1.64,1.68,36461
2026-01-21 15:52:00-05:00,1.67,1.68,1.595,1.6,70317
2026-01-21 15:53:00-05:00,1.59,1.61,1.57,1.61,45226
2026-01-21 15:54:00-05:00,1.6,1.71,1.6,1.68,126971
2026-01-21 15:55:00-05:00,1.68,1.685,1.64,1.65,8793
2026-01-21 15:56:00-05:00,1.64,1.66,1.64,1.65,9002
2026-01-21 15:57:00-05:00,1.65,1.665,1.61,1.61,48816
2026-01-21 15:58:00-05:00,1.63,1.63,1.6,1.61,31656
2026-01-21 15:59:00-05:00,1.601,1.69,1.601,1.685,97944
2026-01-21 16:00:00-05:00,1.68,1.75,1.56,1.7,234770
2026-01-21 16:01:00-05:00,1.72,1.76,1.58,1.6,8513
2026-01-21 16:02:00-05:00,1.62,1.68,1.58,1.6,5171
2026-01-21 16:03:00-05:00,1.6,1.6,1.57,1.6,4628
2026-01-21 16:04:00-05:00,1.581,1.581,1.52,1.52,10074
2026-01-21 16:05:00-05:00,1.55,1.578,1.52,1.57,1237
2026-01-21 16:06:00-05:00,1.53,1.55,1.53,1.53,3065
2026-01-21 16:07:00-05:00,1.53,1.54,1.42,1.47,19632
2026-01-21 16:08:00-05:00,1.48,1.51,1.46,1.51,2689
2026-01-21 16:09:00-05:00,1.52,1.541,1.49,1.49,1304
2026-01-21 16:10:00-05:00,1.51,1.51,1.46,1.49,1883
2026-01-21 16:11:00-05:00,1.47,1.52,1.47,1.5,1965
2026-01-21 16:12:00-05:00,1.47,1.5,1.42,1.441,6986
2026-01-21 16:13:00-05:00,1.49,1.52,1.47,1.52,9156
2026-01-21 16:14:00-05:00,1.52,1.52,1.5,1.51,3227
2026-01-21 16:15:00-05:00,1.51,1.52,1.5,1.51,3344
2026-01-21 16:16:00-05:00,1.5,1.51,1.5,1.51,250
2026-01-21 16:17:00-05:00,1.5,1.578,1.5,1.52,1859
2026-01-21 16:18:00-05:00,1.52,1.58,1.52,1.57,1698
2026-01-21 16:19:00-05:00,1.57,1.61,1.53,1.54,2814
2026-01-21 16:20:00-05:00,1.54,1.57,1.54,1.54,462
2026-01-21 16:21:00-05:00,1.54,1.57,1.51,1.54,799
2026-01-21 16:22:00-05:00,1.54,1.54,1.51,1.512,1400
2026-01-21 16:23:00-05:00,1.51,1.52,1.51,1.51,365
2026-01-21 16:24:00-05:00,1.52,1.56,1.52,1.52,622
2026-01-21 16:25:00-05:00,1.52,1.57,1.52,1.56,32
2026-01-21 16:26:00-05:00,1.559,1.559,1.51,1.559,1204
2026-01-21 16:27:00-05:00,1.52,1.56,1.51,1.511,7257
2026-01-21 16:28:00-05:00,1.55,1.55,1.5,1.5,2423
2026-01-21 16:29:00-05:00,1.5,1.51,1.5,1.5,7499
2026-01-21 16:30:00-05:00,1.5,1.51,1.5,1.5,293
2026-01-21 16:31:00-05:00,1.5,1.51,1.5,1.5,5228
2026-01-21 16:32:00-05:00,1.5,1.51,1.5,1.5,1983
2026-01-21 16:33:00-05:00,1.5,1.529,1.5,1.5,100
2026-01-21 16:34:00-05:00,1.5,1.501,1.5,1.5,276
2026-01-21 16:35:00-05:00,1.51,1.56,1.51,1.56,2229
2026-01-21 16:36:00-05:00,1.53,1.54,1.53,1.54,113
2026-01-21 16:37:00-05:00,1.51,1.54,1.5,1.5,774
2026-01-21 16:38:00-05:00,1.52,1.52,1.51,1.51,300
2026-01-21 16:39:00-05:00,1.51,1.51,1.51,1.51,385
2026-01-21 16:40:00-05:00,1.51,1.52,1.51,1.52,519
2026-01-21 16:41:00-05:00,1.52,1.529,1.5,1.5,909
2026-01-21 16:42:00-05:00,1.5,1.52,1.5,1.5,2738
2026-01-21 16:43:00-05:00,1.5,1.51,1.5,1.51,945
2026-01-21 16:44:00-05:00,1.5,1.51,1.5,1.5,2398
2026-01-21 16:45:00-05:00,1.51,1.51,1.5,1.5,4533
2026-01-21 16:46:00-05:00,1.5,1.51,1.5,1.51,711
2026-01-21 16:47:00-05:00,1.5,1.5,1.5,1.5,6961
2026-01-21 16:48:00-05:00,1.5,1.5,1.5,1.5,738
2026-01-21 16:49:00-05:00,1.5,1.51,1.5,1.5,30
2026-01-21 16:50:00-05:00,1.51,1.51,1.5,1.5,1280
2026-01-21 16:51:00-05:00,1.5,1.5,1.5,1.5,91
2026-01-21 16:52:00-05:00,1.5,1.52,1.5,1.52,171
2026-01-21 16:53:00-05:00,1.51,1.52,1.51,1.52,33
2026-01-21 16:54:00-05:00,1.52,1.52,1.51,1.51,457
2026-01-21 16:55:00-05:00,1.51,1.51,1.5,1.5,676
2026-01-21 16:56:00-05:00,1.51,1.51,1.5,1.51,1352
2026-01-21 16:57:00-05:00,1.5,1.51,1.5,1.5,159
2026-01-21 16:58:00-05:00,1.5,1.51,1.5,1.5,3527
2026-01-21 16:59:00-05:00,1.5,1.5,1.5,1.5,1220
2026-01-21 17:00:00-05:00,1.51,1.52,1.5,1.5,606
2026-01-21 17:01:00-05:00,1.5,1.52,1.5,1.5,1369
2026-01-21 17:02:00-05:00,1.51,1.51,1.51,1.51,1124
2026-01-21 17:03:00-05:00,1.51,1.53,1.51,1.51,1992
2026-01-21 17:04:00-05:00,1.51,1.511,1.51,1.51,855
2026-01-21 17:05:00-05:00,1.511,1.52,1.51,1.52,150
2026-01-21 17:06:00-05:00,1.53,1.53,1.51,1.51,569
2026-01-21 17:07:00-05:00,1.51,1.51,1.51,1.51,3781
2026-01-21 17:08:00-05:00,1.511,1.511,1.51,1.51,15
2026-01-21 17:09:00-05:00,1.51,1.53,1.51,1.53,1250
2026-01-21 17:10:00-05:00,1.51,1.53,1.5,1.51,919
2026-01-21 17:11:00-05:00,1.5,1.51,1.5,1.51,264
2026-01-21 17:12:00-05:00,1.51,1.51,1.5,1.5,5916
2026-01-21 17:13:00-05:00,1.5,1.5,1.5,1.5,110
2026-01-21 17:14:00-05:00,1.5,1.5,1.5,1.5,383
2026-01-21 17:15:00-05:00,1.5,1.5,1.5,1.5,267
2026-01-21 17:16:00-05:00,1.51,1.51,1.5,1.5,584
2026-01-21 17:17:00-05:00,1.5,1.5,1.5,1.5,309
2026-01-21 17:18:00-05:00,1.51,1.51,1.5,1.5,1388
2026-01-21 17:19:00-05:00,1.5,1.5,1.5,1.5,650
2026-01-21 17:20:00-05:00,1.5,1.5,1.5,1.5,3249
2026-01-21 17:21:00-05:00,1.5,1.5,1.5,1.5,83
2026-01-21 17:22:00-05:00,1.5,1.5,1.5,1.5,1556
2026-01-21 17:23:00-05:00,1.5,1.5,1.5,1.5,25
2026-01-21 17:24:00-05:00,1.5,1.51,1.5,1.51,1913
2026-01-21 17:25:00-05:00,1.5,1.51,1.5,1.51,1000
2026-01-21 17:26:00-05:00,1.5,1.51,1.5,1.5,2309
2026-01-21 17:27:00-05:00,1.5,1.51,1.5,1.51,105
2026-01-21 17:28:00-05:00,1.51,1.52,1.51,1.51,1401
2026-01-21 17:29:00-05:00,1.51,1.52,1.51,1.52,1016
2026-01-21 17:30:00-05:00,1.52,1.54,1.52,1.53,3855
2026-01-21 17:31:00-05:00,1.54,1.54,1.53,1.53,537
2026-01-21 17:32:00-05:00,1.53,1.53,1.53,1.53,588
2026-01-21 17:33:00-05:00,1.53,1.53,1.513,1.513,1761
2026-01-21 17:34:00-05:00,1.51,1.52,1.51,1.51,202
2026-01-21 17:35:00-05:00,1.54,1.54,1.54,1.54,117
2026-01-21 17:36:00-05:00,1.54,1.54,1.51,1.54,235
2026-01-21 17:37:00-05:00,1.52,1.52,1.52,1.52,9233
2026-01-21 17:38:00-05:00,1.54,1.54,1.52,1.52,688
2026-01-21 17:39:00-05:00,1.52,1.52,1.52,1.52,79
2026-01-21 17:40:00-05:00,1.52,1.52,1.52,1.52,1121
2026-01-21 17:41:00-05:00,1.52,1.52,1.52,1.52,840
2026-01-21 17:42:00-05:00,1.52,1.52,1.52,1.52,347
2026-01-21 17:43:00-05:00,1.52,1.52,1.52,1.52,20
2026-01-21 17:44:00-05:00,1.51,1.52,1.51,1.51,105
2026-01-21 17:45:00-05:00,1.51,1.51,1.51,1.51,536
2026-01-21 17:46:00-05:00,1.51,1.51,1.51,1.51,253
2026-01-21 17:47:00-05:00,1.51,1.51,1.51,1.51,866
2026-01-21 17:48:00-05:00,1.51,1.52,1.51,1.51,243
2026-01-21 17:49:00-05:00,1.51,1.51,1.51,1.51,1550
2026-01-21 17:50:00-05:00,1.51,1.51,1.51,1.51,801
2026-01-21 17:51:00-05:00,1.51,1.51,1.51,1.51,34
2026-01-21 17:52:00-05:00,1.51,1.51,1.5,1.5,625
2026-01-21 17:53:00-05:00,1.5,1.5,1.5,1.5,29
2026-01-21 17:54:00-05:00,1.5,1.51,1.5,1.51,142
2026-01-21 17:55:00-05:00,1.51,1.51,1.5,1.51,298
2026-01-21 17:57:00-05:00,1.51,1.51,1.51,1.51,1715
2026-01-21 17:58:00-05:00,1.51,1.51,1.5,1.5,55
2026-01-21 17:59:00-05:00,1.5,1.501,1.5,1.501,1082
2026-01-21 18:00:00-05:00,1.5,1.5,1.5,1.5,110
2026-01-21 18:01:00-05:00,1.51,1.51,1.5,1.5,123
2026-01-21 18:02:00-05:00,1.51,1.51,1.5,1.5,1154
2026-01-21 18:03:00-05:00,1.5,1.5,1.5,1.5,24
2026-01-21 18:04:00-05:00,1.5,1.5,1.49,1.49,143
2026-01-21 18:05:00-05:00,1.49,1.5,1.49,1.5,223
